,Gyr_x rads,gr_x (deg),0 index timestamp,gy_r offset,Gyro offset,Timestamp offset
11621,0.081771,4.685133187,0,-2.170305628,6.855438814,11621
11649,-0.173367,-9.933197407,28,-16.78863622,,
11678,-0.427972,-24.52098935,57,-31.37642816,,
11707,-0.605436,-34.68892757,86,-41.54436638,,
11721,-0.722946,-41.42175462,100,-48.27719343,,
11750,-0.832862,-47.71947752,129,-54.57491633,,
11779,-0.90454,-51.8263244,158,-58.68176321,,
11808,-0.897612,-51.42937924,187,-58.28481805,,
11837,-0.807015,-46.2385535,216,-53.09399232,,
11867,-0.673251,-38.57444085,246,-45.42987967,,
11896,-0.474337,-27.17750817,275,-34.03294698,,
11924,-0.229191,-13.131677,303,-19.98711582,,
11939,-0.108617,-6.223295683,318,-13.0787345,,
11967,0.115744,6.631642704,346,-0.22379611,,
11996,0.413117,23.66986055,375,16.81442173,,
12025,0.668121,38.2805135,404,31.42507469,,
12054,0.897012,51.39500177,433,44.53956296,,
12082,1.011325,57.94465422,461,51.0892154,,
12111,1.107518,63.45610713,490,56.60066832,,
12140,1.153216,66.07440967,519,59.21897085,,
12169,1.133232,64.92941081,548,58.07397199,,
12197,0.996403,57.08968659,576,50.23424778,,
12226,0.830397,47.57824342,605,40.72280461,,
12255,0.636279,36.45610129,634,29.60066248,,
12284,0.416048,23.83779447,663,16.98235566,,
12298,0.25204,14.44082827,677,7.585389454,,
12327,-0.010159,-0.582067824,706,-7.437506638,,
12355,-0.249709,-14.30727181,734,-21.16271062,,
12384,-0.488459,-27.98663917,763,-34.84207798,,
12413,-0.675116,-38.68129748,792,-45.5367363,,
12442,-0.802219,-45.96376295,821,-52.81920176,,
12471,-0.8699,-49.8415986,850,-56.69703741,,
12500,-0.881092,-50.48285296,879,-57.33829178,,
12529,-0.837925,-48.00956605,908,-54.86500486,,
12558,-0.67405,-38.62022018,937,-45.475659,,
12587,-0.49672,-28.4599596,966,-35.31539841,,
12616,-0.263298,-15.08586415,995,-21.94130297,,
12645,-0.013756,-0.788160743,1024,-7.643599557,,
12674,0.238051,13.63931761,1053,6.783878795,,
12703,0.455617,26.10493117,1082,19.24949236,,
12732,0.694634,39.79959651,1111,32.94415769,,
12760,0.89981,51.55531536,1139,44.69987655,,
12789,1.031709,59.11257139,1168,52.25713257,,
12818,1.113647,63.80727297,1197,56.95183415,,
12847,1.11711,64.00568825,1226,57.15024944,,
12875,1.044633,59.85306204,1254,52.99762323,,
12904,0.922193,52.8377668,1283,45.98232798,,
12933,0.756853,43.36448261,1312,36.5090438,,
12962,0.533957,30.59348254,1341,23.73804373,,
12990,0.285481,16.35685643,1369,9.501417617,,
13019,0.029011,1.662207859,1398,-5.193230955,,
13048,-0.210006,-12.03245747,1427,-18.88789629,,
13077,-0.401859,-23.02482466,1456,-29.88026347,,
13105,-0.631416,-36.17747192,1484,-43.03291073,,
13134,-0.771043,-44.17750972,1513,-51.03294854,,
13163,-0.837125,-47.96372942,1542,-54.81916824,,
13192,-0.859109,-49.22331984,1571,-56.07875866,,
13221,-0.805816,-46.16985586,1600,-53.02529468,,
13250,-0.67898,-38.90268837,1629,-45.75812719,,
13279,-0.503248,-28.83398645,1658,-35.68942526,,
13308,-0.305266,-17.49045343,1687,-24.34589224,,
13337,-0.088233,-5.055378514,1716,-11.91081733,,
13365,0.206208,11.8148481,1744,4.959409288,,
13394,0.440962,25.26526153,1773,18.40982271,,
13423,0.662659,37.96756396,1802,31.11212514,,
13452,0.860107,49.28050103,1831,42.42506222,,
13480,0.998801,57.22708187,1859,50.37164306,,
13509,1.070746,61.34922673,1888,54.49378792,,
13538,1.085268,62.18127604,1917,55.32583723,,
13567,1.051561,60.2500072,1946,53.39456839,,
13595,0.936982,53.68511408,1974,46.82967527,,
13624,0.767645,43.98281866,2003,37.12737985,,
13653,0.562336,32.21947947,2032,25.36404065,,
13682,0.331046,18.96753862,2061,12.11209981,,
13710,0.109882,6.295774844,2089,-0.55966397,,
13739,-0.173367,-9.933197407,2118,-16.78863622,,
13753,-0.285681,-16.36831559,2132,-23.2237544,,
13782,-0.481664,-27.59731434,2161,-34.45275316,,
13811,-0.663392,-38.00956176,2190,-44.86500058,,
13840,-0.780902,-44.74238881,2219,-51.59782763,,
13869,-0.824335,-47.2309164,2248,-54.08635522,,
13898,-0.82207,-47.10114146,2277,-53.95658028,,
13927,-0.754389,-43.22330581,2306,-50.07874463,,
13956,-0.61343,-35.14695003,2335,-42.00238884,,
13985,-0.423309,-24.25381913,2364,-31.10925794,,
14014,-0.208007,-11.91792321,2393,-18.77336202,,
14043,0.030477,1.746203472,2422,-5.109235342,,
14072,0.254305,14.57060321,2451,7.715164395,,
14100,0.514639,29.48664267,2479,22.63120386,,
14129,0.718749,41.18128423,2508,34.32584542,,
14158,0.866636,49.65458517,2537,42.79914636,,
14187,1.005729,57.62402703,2566,50.76858822,,
14215,1.059022,60.67749101,2594,53.8220522,,
14244,1.057956,60.61641371,2623,53.7609749,,
14273,0.968025,55.46374696,2652,48.60830815,,
14302,0.868368,49.75382146,2681,42.89838265,,
14330,0.684775,39.23471742,2709,32.3792786,,
14359,0.476934,27.32630531,2738,20.47086649,,
14388,0.245645,14.07442176,2767,7.218982944,,
14417,-0.004164,-0.238579626,2796,-7.09401844,,
14445,-0.246378,-14.11641956,2824,-20.97185838,,
14460,-0.349366,-20.01719731,2839,-26.87263612,,
14488,-0.501116,-28.71183185,2867,-35.56727066,,
14517,-0.687507,-39.39124949,2896,-46.2466883,,
14546,-0.78823,-45.16225229,2925,-52.0176911,,
14575,-0.810879,-46.4599444,2954,-53.31538321,,
14603,-0.775839,-44.45230028,2982,-51.3077391,,
14633,-0.693769,-39.75003566,3012,-46.60547447,,
14662,-0.542951,-31.10880078,3041,-37.9642396,,
14691,-0.338308,-19.38362058,3070,-26.23905939,,
14720,-0.127935,-7.330135552,3099,-14.18557437,,
14749,0.112547,6.448468097,3128,-0.406970717,,
14777,0.367152,21.03626004,3156,14.18082123,,
14806,0.578457,33.14314473,3185,26.28770592,,
14835,0.764714,43.81488473,3214,36.95944592,,
14864,0.921794,52.81490578,3243,45.95946697,,
14892,1.01772,58.31106073,3271,51.45562191,,
14921,1.042768,59.74620541,3300,52.8907666,,
14950,1.012124,57.99043354,3329,51.13499473,,
14979,0.939247,53.81488902,3358,46.95945021,,
15007,0.828532,47.47138679,3386,40.61594798,,
15036,0.602838,34.54007313,3415,27.68463432,,
15065,0.388202,22.2423362,3444,15.38689738,,
15094,0.166239,9.52479309,3473,2.669354276,,
15122,-0.08277,-4.74237167,3501,-11.59781048,,
15151,-0.30873,-17.68892601,3530,-24.54436482,,
15180,-0.497785,-28.5209796,3559,-35.37641842,,
15209,-0.603704,-34.58969128,3588,-41.44513009,,
15237,-0.748527,-42.88743795,3616,-49.74287677,,
15266,-0.793426,-45.45996116,3645,-52.31539997,,
15280,-0.781968,-44.80346611,3659,-51.65890493,,
15309,-0.730274,-41.84161809,3688,-48.6970569,,
15338,-0.629551,-36.07061529,3717,-42.9260541,,
15368,-0.467409,-26.78056301,3747,-33.63600182,,
15397,-0.258902,-14.83399191,3776,-21.68943072,,
15426,-0.042667,-2.444639024,3805,-9.300077839,,
15454,0.19102,10.9446398,3833,4.089200988,,
15483,0.43057,24.66984378,3862,17.81440497,,
15512,0.636945,36.49426028,3891,29.63882147,,
15541,0.801752,45.93700582,3920,39.081567,,
15570,0.927922,53.16601432,3949,46.3105755,,
15598,1.013723,58.0820495,3977,51.22661068,,
15627,1.024781,58.71562623,4006,51.86018741,,
15656,0.967758,55.44844899,4035,48.59301018,,
15685,0.870766,49.89121674,4064,43.03577793,,
15713,0.729274,41.78432231,4092,34.92888349,,
15742,0.524631,30.0591421,4121,23.20370329,,
15771,0.305466,17.50191258,4150,10.64647377,,
15799,0.082437,4.723292176,4178,-2.132146639,,
15828,-0.143657,-8.230939798,4207,-15.08637861,,
15857,-0.362422,-20.765251,4236,-27.62068982,,
15886,-0.539487,-30.9103282,4265,-37.76576702,,
15915,-0.656331,-37.60499626,4294,-44.46043508,,
15944,-0.744396,-42.65074909,4323,-49.5061879,,
15972,-0.768911,-44.05535512,4351,-50.91079394,,
16001,-0.721614,-41.34543664,4380,-48.20087545,,
16030,-0.620358,-35.54389519,4409,-42.399334,,
16059,-0.479932,-27.49807805,4438,-34.35351687,,
16088,-0.290611,-16.65078378,4467,-23.50622259,,
16117,-0.060121,-3.44467956,4496,-10.30011837,,
16146,0.154382,8.845437033,4525,1.989998219,,
16175,0.378343,21.67745711,4554,14.82201829,,
16204,0.596176,34.15836865,4583,27.30292983,,
16232,0.763515,43.74618709,4611,36.89074828,,
16261,0.888752,50.92173863,4640,44.06629982,,
16290,0.975619,55.89885111,4669,49.0434123,,
16319,1.006928,57.69272467,4698,50.83728586,,
16347,0.958299,54.90648821,4726,48.0510494,,
16376,0.86557,49.59350787,4755,42.73806906,,
16405,0.732605,41.97517455,4784,35.11973574,,
16434,0.549812,31.50190713,4813,24.64646831,,
16462,0.33491,19.18892952,4841,12.3334907,,
16491,0.110415,6.326313495,4870,-0.529125319,,
16520,-0.099557,-5.704195921,4899,-12.55963474,,
16549,-0.315792,-18.0935488,4928,-24.94898762,,
16563,-0.413583,-23.69656038,4942,-30.55199919,,
16592,-0.535756,-30.69655765,4971,-37.55199646,,
16621,-0.704694,-40.37599205,5000,-47.23143086,,
16649,-0.733472,-42.02484999,5028,-48.88028881,,
16678,-0.738001,-42.28434258,5057,-49.13978139,,
16707,-0.702029,-40.2232988,5086,-47.07873761,,
16737,-0.558272,-31.98662942,5116,-38.84206823,,
16765,-0.402925,-23.08590196,5144,-29.94134077,,
16794,-0.20481,-11.7347486,5173,-18.59018742,,
16823,0.016754,0.95993349,5202,-5.895505324,,
16852,0.229391,13.14313616,5231,6.287697344,,
16881,0.442161,25.33395917,5260,18.47852035,,
16910,0.647737,37.11259633,5289,30.25715752,,
16938,0.793092,45.44082437,5317,38.58538555,,
16967,0.903541,51.76908592,5346,44.9136471,,
16996,0.974553,55.83777381,5375,48.982335,,
17025,0.977884,56.02862605,5404,49.17318724,,
17053,0.914199,52.37974434,5432,45.52430552,,
17082,0.802951,46.00570346,5461,39.15026464,,
17111,0.661859,37.92172733,5490,31.06628852,,
17140,0.472271,27.05913509,5519,20.20369627,,
17154,0.361556,20.71563286,5533,13.86019404,,
17183,0.14279,8.181264357,5562,1.325825542,,
17212,-0.073177,-4.192733257,5591,-11.04817207,,
17240,-0.23119,-13.24621127,5619,-20.10165008,,
17269,-0.451821,-25.8874364,5648,-32.74287521,,
17298,-0.595044,-34.09350982,5677,-40.94894864,,
17327,-0.684576,-39.22331556,5706,-46.07875437,,
17355,-0.710689,-40.71948025,5734,-47.57491906,,
17384,-0.70123,-40.17751947,5763,-47.03295828,,
17413,-0.627286,-35.94084035,5792,-42.79627916,,
17442,-0.489658,-28.0553368,5821,-34.91077562,,
17471,-0.334044,-19.13931137,5850,-25.99475019,,
17500,-0.133531,-7.650762734,5879,-14.50620155,,
17529,0.097758,5.601120814,5908,-1.254318001,,
17558,0.297205,17.02859215,5937,10.17315334,,
17587,0.499717,28.63167505,5966,21.77623624,,
17615,0.683843,39.18131775,5994,32.32587894,,
17644,0.827333,47.40268915,6023,40.54725034,,
17673,0.908604,52.05917445,6052,45.20373563,,
17702,0.944576,54.12021823,6081,47.26477942,,
17730,0.942844,54.02098194,6109,47.16554313,,
17759,0.867702,49.71566248,6138,42.86022366,,
17788,0.736869,42.21948375,6167,35.36404494,,
17817,0.583386,33.42555563,6196,26.57011681,,
17845,0.397928,22.79959495,6224,15.94415614,,
17860,0.290544,16.64694496,6239,9.791506149,,
17888,0.074043,4.242351402,6267,-2.613087412,,
17917,-0.136862,-7.841614976,6296,-14.69705379,,
17946,-0.314326,-18.00955319,6325,-24.86499201,,
17974,-0.491524,-28.16225073,6353,-35.01768954,,
18003,-0.60437,-34.62785026,6382,-41.48328908,,
18032,-0.666057,-38.16225502,6411,-45.01769383,,
18061,-0.692703,-39.68895836,6440,-46.54439717,,
18090,-0.659795,-37.80346884,6469,-44.65890766,,
18119,-0.56187,-32.19277964,6498,-39.04821845,,
18148,-0.42664,-24.44467137,6527,-31.30011019,,
18177,-0.256104,-14.67367832,6556,-21.52911713,,
18206,-0.058389,-3.34544327,6585,-10.20088208,,
18235,0.16504,9.456095451,6614,2.600656637,,
18263,0.361023,20.68509421,6642,13.82965539,,
18292,0.550212,31.52482544,6671,24.66938662,,
18321,0.718749,41.18128423,6700,34.32584542,,
18350,0.830797,47.60116173,6729,40.74572292,,
18378,0.900477,51.59353165,6757,44.73809283,,
18407,0.901143,51.63169064,6786,44.77625182,,
18436,0.893548,51.19652919,6815,44.34109038,,
18465,0.803617,46.04386244,6844,39.18842363,,
18493,0.678247,38.86069057,6872,32.00525175,,
18522,0.515571,29.54004234,6901,22.68460353,,
18551,0.347967,19.93704051,6930,13.0816017,,
18580,0.106818,6.120220576,6959,-0.735218238,,
18608,-0.0869,-4.97900324,6987,-11.83444205,,
18637,-0.272092,-15.58972324,7016,-22.44516205,,
18666,-0.441828,-25.31487967,7045,-32.17031848,,
18694,-0.568931,-32.59734513,7073,-39.45278395,,
18723,-0.631816,-36.20039023,7102,-43.05582904,,
18752,-0.670586,-38.4217476,7131,-45.27718641,,
18781,-0.645272,-36.97136224,7160,-43.82680105,,
18810,-0.556807,-31.9026911,7189,-38.75812992,,
18839,-0.433834,-24.85685721,7218,-31.71229602,,
18868,-0.276755,-15.85689346,7247,-22.71233227,,
18897,-0.071579,-4.101174602,7276,-10.95661342,,
18926,0.121607,6.967567859,7305,0.112129045,,
18955,0.285748,16.3721544,7334,9.51671559,,
18984,0.5217,29.89120817,7363,23.03576936,,
19012,0.671052,38.44844743,7391,31.59300862,,
19041,0.792159,45.3873674,7420,38.53192859,,
19070,0.879959,50.41793684,7449,43.56249803,,
19099,0.904207,51.80724491,7478,44.95180609,,
19127,0.871432,49.92937573,7506,43.07393692,,
19156,0.803751,46.05154008,7535,39.19610127,,
19185,0.724478,41.50953175,7564,34.65409294,,
19214,0.528228,30.26523502,7593,23.40979621,,
19242,0.337308,19.3263248,7621,12.47088598,,
19271,0.151717,8.69274378,7650,1.837304966,,
19300,-0.053193,-3.0477344,7679,-9.903173214,,
19329,-0.248776,-14.25381484,7708,-21.10925366,,
19357,-0.408787,-23.42176982,7736,-30.27720863,,
19386,-0.523766,-30.00958125,7765,-36.86502007,,
19415,-0.615828,-35.28434531,7794,-42.13978412,,
19444,-0.649935,-37.23853246,7823,-44.09397127,,
19472,-0.629418,-36.06299495,7851,-42.91843376,,
19501,-0.549612,-31.49044797,7880,-38.34588678,,
19530,-0.443427,-25.40649562,7909,-32.26193444,,
19559,-0.290611,-16.65078378,7938,-23.50622259,,
19588,-0.093695,-5.368328061,7967,-12.22376688,,
19617,0.090164,5.166016664,7996,-1.68942215,,
19646,0.283083,16.21946115,8025,9.364022338,,
19675,0.480265,27.51715755,8054,20.66171873,,
19704,0.642008,36.78434881,8083,29.92891,,
19732,0.758186,43.44085789,8111,36.58541907,,
19761,0.841189,48.19657947,8140,41.34114066,,
19790,0.890084,50.99805661,8169,44.1426178,,
19819,0.860907,49.32633765,8198,42.47089884,,
19847,0.79176,45.36450639,8226,38.50906757,,
19876,0.69117,39.60112393,8255,32.74568511,,
19905,0.548879,31.44845016,8284,24.59301135,,
19934,0.359558,20.60115589,8313,13.74571708,,
19962,0.170236,9.753804321,8341,2.898365507,,
19991,-0.01309,-0.750001754,8370,-7.605440568,,
20020,-0.207075,-11.86452354,8399,-18.71996236,,
20049,-0.370949,-21.25381211,8428,-28.10925093,,
20077,-0.489525,-28.04771647,8456,-34.90315528,,
20106,-0.581721,-33.33015815,8485,-40.18559697,,
20135,-0.62702,-35.92559967,8514,-42.78103848,,
20164,-0.615162,-35.24618632,8543,-42.10162513,,
20193,-0.540819,-30.98664618,8572,-37.84208499,,
20222,-0.446891,-25.6049682,8601,-32.46040702,,
20251,-0.305399,-17.49807377,8630,-24.35351258,,
20280,-0.116211,-6.658399833,8659,-13.51383865,,
20309,0.063784,3.654554,8688,-3.200884814,,
20337,0.215934,12.37210685,8716,5.516668039,,
20366,0.434967,24.92177333,8745,18.06633451,,
20395,0.608434,34.86070031,8774,28.0052615,,
20424,0.720881,41.30343883,8803,34.44800002,,
20452,0.810279,46.42556693,8831,39.57012811,,
20481,0.863438,49.47135327,8860,42.61591446,,
20510,0.848916,48.63930396,8889,41.78386515,,
20539,0.789761,45.24997212,8918,38.39453331,,
20568,0.688639,39.45610831,8947,32.60066949,,
20596,0.561669,32.18126318,8975,25.32582437,,
20625,0.382207,21.898848,9004,15.04340919,,
20654,0.197016,11.2881853,9033,4.432746482,,
20682,0.022882,1.311042027,9061,-5.544396787,,
20711,-0.130867,-7.498126778,9090,-14.35356559,,
20740,-0.333112,-19.08591171,9119,-25.94135052,,
20769,-0.46088,-26.40647886,9148,-33.26191768,,
20797,-0.540686,-30.97902584,9176,-37.83446466,,
20826,-0.599441,-34.34543937,9205,-41.20087818,,
20841,-0.605037,-34.66606655,9220,-41.52150536,,
20869,-0.578124,-33.12406524,9248,-39.97950405,,
20899,-0.490857,-28.12403444,9278,-34.97947326,,
20927,-0.387337,-22.19277535,9306,-29.04821416,,
20957,-0.236785,-13.56678115,9336,-20.42221997,,
20986,-0.044533,-2.551552949,9365,-9.406991763,,
21000,0.036872,2.112609982,9379,-4.742828832,,
21029,0.181827,10.4179197,9408,3.562480887,,
21058,0.408853,23.42555134,9437,16.57011253,,
21087,0.563268,32.27287913,9466,25.41744032,,
21115,0.68704,39.36449236,9494,32.50905354,,
21144,0.780968,44.74617033,9523,37.89073152,,
21173,0.843853,48.34921543,9552,41.49377662,,
21202,0.861839,49.37973732,9581,42.52429851,,
21231,0.776305,44.47900011,9610,37.6235613,,
21259,0.690238,39.54772426,9638,32.69228545,,
21288,0.563668,32.29579745,9667,25.44035863,,
21317,0.394464,22.60112237,9696,15.74568356,,
21346,0.216467,12.4026455,9725,5.54720669,,
21360,0.13493,7.73091953,9739,0.875480715,,
21389,-0.050528,-2.895041147,9768,-9.750479961,,
21417,-0.223329,-12.79580914,9796,-19.65124796,,
21446,-0.368684,-21.12403717,9825,-27.97947599,,
21475,-0.470207,-26.9408766,9854,-33.79631541,,
21504,-0.555475,-31.82637313,9883,-38.68181194,,
21532,-0.582387,-33.36831714,9911,-40.22375596,,
21561,-0.547214,-31.35305269,9940,-38.2084915,,
21590,-0.495254,-28.37596399,9969,-35.2314028,,
21619,-0.384006,-22.00192311,9998,-28.85736192,,
21648,-0.232522,-13.32252924,10027,-20.17796806,,
21677,-0.071312,-4.085876629,10056,-10.94131544,,
21706,0.102288,5.860670695,10085,-0.994768119,,
21735,0.294541,16.87595619,10114,10.02051738,,
21764,0.463212,26.54009262,10143,19.68465381,,
21793,0.598175,34.27290291,10172,27.4174641,,
21821,0.705426,40.41793256,10200,33.56249374,,
21850,0.76165,43.63933047,10229,36.78389165,,
21879,0.812144,46.53242356,10258,39.67698474,,
21908,0.789761,45.24997212,10287,38.39453331,,
21936,0.736869,42.21948375,10315,35.36404494,,
21965,0.634281,36.34162433,10344,29.48618551,,
21994,0.522233,29.92174682,10373,23.06630801,,
22023,0.325317,18.6392911,10402,11.78385229,,
22051,0.161043,9.22708422,10430,2.371645406,,
22080,-0.022283,-1.276721855,10459,-8.132160669,,
22109,-0.191354,-10.96377659,10488,-17.81921541,,
22138,-0.333245,-19.09353204,10517,-25.94897086,,
22167,-0.437965,-25.09354607,10546,-31.94898489,,
22195,-0.523499,-29.99428328,10574,-36.84972209,,
22224,-0.558805,-32.01716807,10603,-38.87260689,,
22238,-0.552677,-31.66605953,10617,-38.52149835,,
22268,-0.511775,-29.32254756,10647,-36.17798637,,
22296,-0.436765,-25.02479114,10675,-31.88022995,,
22326,-0.318589,-18.2538051,10705,-25.10924391,,
22354,-0.161243,-9.238543376,10733,-16.09398219,,
22383,-0.007761,-0.444672545,10762,-7.300111359,,
22412,0.173167,9.921738251,10791,3.066299437,,
22441,0.318656,18.25764392,10820,11.4022051,,
22470,0.492922,28.24235023,10849,21.38691141,,
22499,0.62229,35.65459063,10878,28.79915182,,
22527,0.734204,42.0667905,10906,35.21135169,,
22556,0.777771,44.56299573,10935,37.70755691,,
22585,0.784565,44.95226325,10964,38.09682444,,
22614,0.750725,43.01337407,10993,36.15793526,,
22642,0.687839,39.41027168,11021,32.55483287,,
22671,0.565,32.37211542,11050,25.51667661,,
22700,0.42191,24.17366233,11079,17.31822352,,
22729,0.26936,15.43319117,11108,8.577752355,,
22757,0.092962,5.326330255,11136,-1.529108559,,
22786,-0.083037,-4.757669643,11165,-11.61310846,,
22815,-0.231323,-13.2538316,11194,-20.10927042,,
22829,-0.329648,-18.88743912,11208,-25.74287794,,
22858,-0.410785,-23.53624679,11237,-30.3916856,,
22887,-0.496453,-28.44466163,11266,-35.30010044,,
22915,-0.538954,-30.87978955,11294,-37.73522837,,
22944,-0.516171,-29.57441981,11323,-36.42985862,,
22973,-0.475802,-27.26144648,11352,-34.1168853,,
23002,-0.390135,-22.35308894,11381,-29.20852775,,
23031,-0.246645,-14.13171754,11410,-20.98715635,,
23060,-0.10502,-6.017202764,11439,-12.87264158,,
23089,0.05619,3.219449851,11468,-3.635988963,,
23104,0.113613,6.509545398,11483,-0.345893416,,
23132,0.321853,18.44081852,11511,11.58537971,,
23161,0.466276,26.71564689,11540,19.86020807,,
23190,0.592712,33.95989607,11569,27.10445725,,
23219,0.701562,40.19654167,11598,33.34110285,,
23247,0.75672,43.35686227,11626,36.50142346,,
23276,0.765647,43.8683417,11655,37.01290288,,
23305,0.740333,42.41795633,11684,35.56251752,,
23334,0.684775,39.23471742,11713,32.3792786,,
23362,0.571129,32.72328126,11741,25.86784244,,
23391,0.435633,24.95993232,11770,18.1044935,,
23406,0.35596,20.39500568,11785,13.53956686,,
23434,0.205542,11.77668911,11813,4.921250298,,
23463,0.040735,2.333943578,11842,-4.521495236,,
23492,-0.092363,-5.292010083,11871,-12.1474489,,
23520,-0.273824,-15.68895953,11899,-22.54439834,,
23549,-0.387337,-22.19277535,11928,-29.04821416,,
23578,-0.45715,-26.1927656,11957,-33.04820442,,
23607,-0.511642,-29.31492722,11986,-36.17036604,,
23635,-0.516837,-29.6125788,12014,-36.46801761,,
23664,-0.459415,-26.32254055,12043,-33.17797936,,
23693,-0.381475,-21.85690749,12072,-28.7123463,,
23722,-0.270759,-15.51334797,12101,-22.36878678,,
23751,-0.156314,-8.956132479,12130,-15.81157129,,
23780,0.040602,2.32632324,12159,-4.529115574,,
23809,0.196882,11.28050766,12188,4.425068848,,
23838,0.357826,20.5019196,12217,13.64648079,,
23867,0.510375,29.24233347,12246,22.38689465,,
23895,0.620824,35.57059502,12274,28.71515621,,
23924,0.695434,39.84543313,12303,32.98999432,,
23953,0.749925,42.96753745,12332,36.11209864,,
23982,0.760317,43.56295519,12361,36.70751638,,
24010,0.706359,40.47138952,12389,33.61595071,,
24039,0.658928,37.7537934,12418,30.89835459,,
24068,0.527962,30.24999434,12447,23.39455553,,
24097,0.381807,21.87592969,12476,15.02049087,,
24125,0.218466,12.51717977,12504,5.661740953,,
24154,0.06072,3.478999732,12533,-3.376439082,,
24168,-0.011758,-0.673683776,12547,-7.52912259,,
24197,-0.126736,-7.261437912,12576,-14.11687673,,
24226,-0.305932,-17.52861242,12605,-24.38405123,,
24254,-0.404524,-23.17751791,12633,-30.03295673,,
24283,-0.458349,-26.26146324,12662,-33.11690206,,
24326,-0.497386,-28.49811859,12705,-35.3535574,,
24355,-0.462213,-26.48285414,12734,-33.33829295,,
24384,-0.374147,-21.43704402,12763,-28.29248283,,
24399,-0.332712,-19.06299339,12778,-25.91843221,,
24428,-0.212671,-12.18515072,12807,-19.04058954,,
24457,-0.062652,-3.589695178,12836,-10.44513399,,
24486,0.10029,5.746193727,12865,-1.109245087,,
24515,0.250974,14.37975097,12894,7.524312153,,
24543,0.401259,22.99044719,12922,16.13500838,,
24572,0.541285,31.01334601,12951,24.1579072,,
24601,0.638011,36.55533758,12980,29.69989877,,
24630,0.698231,40.00568943,13009,33.15025061,,
24658,0.735803,42.15840645,13037,35.30296764,,
24687,0.760051,43.54771451,13066,36.6922757,,
24716,0.664524,38.07442059,13095,31.21898177,,
24745,0.577258,33.07444709,13124,26.21900828,,
24759,0.534224,30.60878051,13138,23.7533417,,
24788,0.393132,22.52480439,13167,15.66936558,,
24817,0.239516,13.72325593,13196,6.867817112,,
24845,0.09083,5.204175653,13224,-1.651263161,,
24874,-0.062785,-3.597315517,13253,-10.45275433,,
24903,-0.212271,-12.16223241,13282,-19.01767123,,
24932,-0.332445,-19.04769542,13311,-25.90313423,,
24961,-0.403324,-23.10876298,13340,-29.96420179,,
24989,-0.432635,-24.78815957,13368,-31.64359838,,
25018,-0.484995,-27.78816658,13397,-34.6436054,,
25047,-0.446891,-25.6049682,13426,-32.46040702,,
25076,-0.379476,-21.74237323,13455,-28.59781204,,
25105,-0.283283,-16.23092031,13484,-23.08635912,,
25134,-0.153249,-8.780520915,13513,-15.63595973,,
25163,0.003431,0.19658182,13542,-6.658856995,,
25192,0.15185,8.700364119,13571,1.844925305,,
25221,0.301602,17.28052169,13600,10.42508288,,
25249,0.456284,26.14314746,13628,19.28770865,,
25278,0.558072,31.97517026,13657,25.11973145,,
25307,0.648003,37.12783701,13686,30.2723982,,
25336,0.712221,40.80725738,13715,33.95181857,,
25365,0.718616,41.17366389,13744,34.31822508,,
25393,0.686907,39.35687202,13772,32.5014332,,
25422,0.624022,35.75382692,13801,28.89838811,,
25451,0.537954,30.82249377,13830,23.96705496,,
25480,0.407921,23.37215167,13859,16.51671286,,
25508,0.257369,14.74615748,13887,7.890718663,,
25537,0.106019,6.074441248,13916,-0.780997566,,
25566,-0.029078,-1.666046677,13945,-8.521485491,,
25595,-0.181494,-10.39884021,13974,-17.25427902,,
25623,-0.303135,-17.36835612,14002,-24.22379494,,
25652,-0.380942,-21.82636884,14031,-28.68180765,,
25681,-0.441695,-25.30725933,14060,-32.16269815,,
25710,-0.463279,-26.54393144,14089,-33.39937025,,
25739,-0.438764,-25.1393254,14118,-31.99476422,,
25768,-0.369084,-21.14695549,14147,-28.0023943,,
25797,-0.285148,-16.33777694,14176,-23.19321575,,
25826,-0.159511,-9.139307086,14205,-15.9947459,,
25854,-0.010559,-0.604986136,14233,-7.46042495,,
25883,0.125737,7.204199429,14262,0.348760614,,
25912,0.27429,15.71565936,14291,8.860220548,,
25941,0.390201,22.35687046,14320,15.50143165,,
25970,0.534757,30.63931917,14349,23.78388035,,
25998,0.616827,35.34158379,14377,28.48614498,,
26027,0.679979,38.95992686,14406,32.10448804,,
26056,0.70476,40.37977357,14435,33.52433476,,
26085,0.673051,38.5629817,14464,31.70754288,,
26114,0.614029,35.1812702,14493,28.32583138,,
26142,0.540486,30.96756669,14521,24.11212787,,
26171,0.412584,23.63932189,14550,16.78388308,,
26200,0.272824,15.63166375,14579,8.776224936,,
26214,0.195284,11.18894901,14593,4.333510192,,
26243,0.059121,3.387383781,14622,-3.468055034,,
26272,-0.086234,-4.940844251,14651,-11.79628306,,
26301,-0.22173,-12.70419319,14680,-19.55963201,,
26329,-0.320321,-18.35304139,14708,-25.2084802,,
26358,-0.389868,-22.33779097,14737,-29.19322978,,
26387,-0.43943,-25.17748439,14766,-32.03292321,,
26416,-0.443027,-25.38357731,14795,-32.23901612,,
26445,-0.390534,-22.37594996,14824,-29.23138877,,
26474,-0.332312,-19.04007508,14853,-25.8955139,,
26503,-0.23572,-13.50576115,14882,-20.36119996,,
26532,-0.093828,-5.3759484,14911,-12.23138721,,
26561,0.040735,2.333943578,14940,-4.521495236,,
26589,0.177564,10.17366779,14968,3.318228979,,
26618,0.332112,19.02861593,14997,12.17317711,,
26647,0.464677,26.62403094,15026,19.76859212,,
26676,0.553676,31.72329802,15055,24.8678592,,
26705,0.626287,35.88360186,15084,29.02816305,,
26734,0.678513,38.87593124,15113,32.02049243,,
26762,0.680112,38.9675472,15141,32.11210838,,
26791,0.641342,36.74618982,15170,29.89075101,,
26820,0.571662,32.75381991,15199,25.89838109,,
26849,0.485061,27.79194811,15228,20.93650929,,
26877,0.349299,20.01335849,15256,13.15791967,,
26906,0.20914,11.98283933,15285,5.127400513,,
26935,0.045532,2.608791433,15314,-4.246647381,,
26964,-0.026813,-1.536271736,15343,-8.39171055,,
26992,-0.162043,-9.28438,15371,-16.13981881,,
27021,-0.291144,-16.68132243,15400,-23.53676124,,
27035,-0.362822,-20.78816931,15414,-27.64360813,,
27064,-0.393066,-22.52102287,15443,-29.37646168,,
27093,-0.425707,-24.39121441,15472,-31.24665322,,
27122,-0.415182,-23.78817633,15501,-30.64361514,,
27151,-0.353896,-20.27674719,15530,-27.132186,,
27180,-0.279952,-16.04006807,15559,-22.89550688,,
27209,-0.17843,-10.22328594,15588,-17.07872475,,
27238,-0.041735,-2.391239358,15617,-9.246678172,,
27267,0.095227,5.456105196,15646,-1.399333619,,
27295,0.228192,13.07443852,15674,6.218999704,,
27324,0.367818,21.07441903,15703,14.21898021,,
27353,0.493189,28.2576482,15732,21.40220939,,
27382,0.570729,32.70036295,15761,25.84492413,,
27411,0.624688,35.79198591,15790,28.9365471,,
27440,0.668254,38.28813384,15819,31.43269503,,
27468,0.650668,37.28053026,15847,30.42509145,,
27497,0.59551,34.12020966,15876,27.26477084,,
27526,0.524764,30.06676244,15905,23.21132363,,
27555,0.433235,24.82253704,15934,17.96709822,,
27583,0.295873,16.95227417,15962,10.09683536,,
27612,0.159578,9.143145903,15991,2.287707089,,
27641,0.027945,1.601130558,16020,-5.254308256,,
27669,-0.097292,-5.57442098,16048,-12.42985979,,
27698,-0.223995,-12.83396813,16077,-19.68940695,,
27727,-0.319122,-18.28434375,16106,-25.13978256,,
27756,-0.366286,-20.98664189,16135,-27.84208071,,
27785,-0.402525,-23.06298365,16164,-29.91842246,,
27813,-0.40106,-22.97904533,16192,-29.83448415,,
27843,-0.344836,-19.75764742,16222,-26.61308624,,
27872,-0.277288,-15.88743211,16251,-22.74287092,,
27901,-0.182161,-10.43705649,16280,-17.29249531,,
27930,-0.045332,-2.597332277,16309,-9.452771091,,
27958,0.081371,4.662214875,16337,-2.193223939,,
27987,0.207274,11.8759254,16366,5.020486589,,
28016,0.344236,19.72326996,16395,12.86783114,,
28045,0.46561,26.6774879,16424,19.82204908,,
28074,0.542218,31.06680298,16453,24.21136416,,
28103,0.610699,34.99047525,16482,28.13503644,,
28131,0.647337,37.08967802,16510,30.23423921,,
28160,0.636279,36.45610129,16539,29.60066248,,
28189,0.586983,33.63164855,16568,26.77620973,,
28218,0.518236,29.69273559,16597,22.83729678,,
28246,0.434833,24.91409569,16625,18.05865688,,
28275,0.305599,17.50953292,16654,10.65409411,,
28304,0.173967,9.967574875,16683,3.11213606,,
28332,0.041668,2.387400541,16711,-4.468038273,,
28361,-0.071845,-4.116415279,16740,-10.97185409,,
28390,-0.200547,-11.49049669,16769,-18.34593551,,
28419,-0.294075,-16.84925636,16798,-23.70469517,,
28447,-0.344037,-19.7118681,16826,-26.56730691,,
28476,-0.382674,-21.92560513,16855,-28.78104394,,
28505,-0.385871,-22.10877974,16884,-28.96421855,,
28534,-0.340573,-19.51339552,16913,-26.36883433,,
28563,-0.268628,-15.39125066,16942,-22.24668947,,
28592,-0.18296,-10.48283582,16971,-17.33827463,,
28621,-0.064784,-3.71184978,17000,-10.56728859,,
28650,0.072711,4.166033424,17029,-2.68940539,,
28679,0.192752,11.04387609,17058,4.188437278,,
28708,0.286813,16.43317441,17087,9.577735595,,
28736,0.444293,25.45611377,17115,18.60067495,,
28765,0.520901,29.84542884,17144,22.98999003,,
28794,0.583786,33.44847394,17173,26.59303512,,
28823,0.627885,35.97516052,17202,29.11972171,,
28852,0.617493,35.37974278,17231,28.52430396,,
28880,0.581787,33.33393968,17259,26.47850086,,
28909,0.521034,29.85304918,17288,22.99761037,,
28938,0.434567,24.89885502,17317,18.0434162,,
28967,0.312394,17.89885775,17346,11.04341893,,
28995,0.182893,10.478997,17374,3.623558188,,
29024,0.067115,3.845406242,17403,-3.010032572,,
29053,-0.023216,-1.330178817,17432,-8.185617631,,
29067,-0.12234,-7.009565666,17446,-13.86500448,,
29096,-0.195484,-11.20040816,17475,-18.05584698,,
29125,-0.297672,-17.05534928,17504,-23.91078809,,
29154,-0.348566,-19.97136068,17533,-26.8267995,,
29183,-0.373614,-21.40650537,17562,-28.26194418,,
29212,-0.353762,-20.26906955,17591,-27.12450837,,
29241,-0.263965,-15.12408044,17620,-21.97951925,,
29270,-0.232922,-13.34544756,17649,-20.20088637,,
29298,-0.132599,-7.597363068,17677,-14.45280188,,
29327,0.000899,0.051508906,17706,-6.803929908,,
29356,0.115345,6.608781688,17735,-0.246657126,,
29385,0.239117,13.70039491,17764,6.844956096,,
29414,0.371548,21.28813229,17793,14.43269347,,
29443,0.460547,26.38739937,17822,19.53196055,,
29472,0.533824,30.5858622,17851,23.73042339,,
29500,0.558738,32.01332925,17879,25.15789044,,
29529,0.613896,35.17364986,17908,28.31821105,,
29558,0.589115,33.75380315,17937,26.89836433,,
29587,0.551277,31.58584544,17966,24.73040663,,
29615,0.483862,27.72325047,17994,20.86781165,,
29644,0.370616,21.23473262,18023,14.37929381,,
29673,0.256437,14.69275781,18052,7.837318997,,
29701,0.15185,8.700364119,18080,1.844925305,,
29730,0.018219,1.043871807,18109,-5.811567007,,
29759,-0.103288,-5.917966474,18138,-12.77340529,,
29788,-0.202279,-11.58973298,18167,-18.4451718,,
29816,-0.271159,-15.53626628,18195,-22.39170509,,
29845,-0.334044,-19.13931137,18224,-25.99475019,,
29874,-0.356427,-20.4217628,18253,-27.27720162,,
29903,-0.336309,-19.26908631,18282,-26.12452513,,
29932,-0.294608,-16.87979501,18311,-23.73523383,,
29961,-0.231856,-13.28437025,18340,-20.13980907,,
29990,-0.138061,-7.910312615,18369,-14.76575143,,
30019,-0.010692,-0.612606475,18398,-7.468045289,,
30047,0.099357,5.692736765,18426,-1.162702049,,
30076,0.218333,12.50955943,18455,5.654120614,,
30105,0.342637,19.63165401,18484,12.77621519,,
30134,0.43923,25.16602524,18513,18.31058642,,
30163,0.509976,29.21947245,18542,22.36403364,,
30191,0.578856,33.16600575,18570,26.31056693,,
30220,0.624155,35.76144726,18599,28.90600845,,
30249,0.574993,32.94467215,18628,26.08923334,,
30278,0.53982,30.9294077,18657,24.07396888,,
30306,0.480132,27.50953721,18685,20.65409839,,
30335,0.380875,21.82253002,18714,14.96709121,,
30364,0.267895,15.34925285,18743,8.493814038,,
30393,0.159444,9.135468269,18772,2.280029454,,
30421,0.040336,2.311082562,18800,-4.544356252,,
30450,-0.083569,-4.788150998,18829,-11.64358981,,
30479,-0.181628,-10.40651784,18858,-17.26195666,,
30508,-0.250375,-14.3454308,18887,-21.20086961,,
30536,-0.307798,-17.63552634,18915,-24.49096516,,
30565,-0.340306,-19.49809754,18944,-26.35353636,,
30594,-0.360424,-20.65077404,18973,-27.50621285,,
30623,-0.287014,-16.44469086,19002,-23.30012968,,
30638,-0.26543,-15.20801876,19017,-22.06345757,,
30666,-0.189089,-10.83400165,19045,-17.68944047,,
30696,-0.076375,-4.37596516,19075,-11.23140397,,
30724,0.027279,1.562971569,19103,-5.292467245,,
30753,0.141192,8.089705701,19132,1.234266887,,
30782,0.267495,15.32633454,19161,8.470895727,,
30811,0.370483,21.22711228,19190,14.37167347,,
30839,0.45162,25.87591994,19218,19.02048113,,
30868,0.529028,30.31107164,19247,23.45563283,,
30897,0.56913,32.60874699,19276,25.75330818,,
30926,0.572461,32.79959924,19305,25.94416042,,
30955,0.549545,31.48660915,19334,24.63117034,,
30983,0.514372,29.4713447,19362,22.61590589,,
31012,0.430836,24.68508446,19391,17.82964565,,
31041,0.329314,18.86830233,19420,12.01286352,,
31069,0.223795,12.82250898,19448,5.967070162,,
31098,0.123872,7.0973428,19477,0.241903986,,
31127,-0.006295,-0.360676932,19506,-7.216115746,,
31156,-0.111282,-6.375988936,19535,-13.23142775,,
31170,-0.153116,-8.772900576,19549,-15.62833939,,
31199,-0.224928,-12.88742509,19578,-19.74286391,,
31228,-0.291277,-16.68894277,19607,-23.54438158,,
31256,-0.32272,-18.49049396,19635,-25.34593278,,
31285,-0.305932,-17.52861242,19664,-24.38405123,,
31314,-0.286614,-16.42177255,19693,-23.27721136,,
31343,-0.227193,-13.01720003,19722,-19.87263885,,
31372,-0.12687,-7.269115547,19751,-14.12455436,,
31401,-0.032942,-1.887437569,19780,-8.742876383,,
31430,0.06938,3.975181183,19809,-2.880257632,,
31459,0.189155,10.83778317,19838,3.98234436,,
31488,0.29574,16.94465383,19867,10.08921502,,
31516,0.388202,22.2423362,19895,15.38689738,,
31545,0.474536,27.18891003,19924,20.33347121,,
31574,0.530227,30.37976928,19953,23.52433047,,
31603,0.550878,31.56298443,19982,24.70754561,,
31631,0.550744,31.55530679,20010,24.69986798,,
31660,0.532625,30.51716456,20039,23.66172575,,
31689,0.462679,26.50955397,20068,19.65411516,,
31718,0.37781,21.64691846,20097,14.79147964,,
31746,0.289611,16.593488,20125,9.738049186,,
31775,0.189022,10.83016284,20154,3.974724021,,
31804,0.064717,3.708010963,20183,-3.147427851,,
31833,-0.040802,-2.337782396,20212,-9.19322121,,
31862,-0.126337,-7.238576896,20241,-14.09401571,,
31890,-0.211338,-12.10877545,20269,-18.96421426,,
31919,-0.273291,-15.65842088,20298,-22.51385969,,
31948,-0.301403,-17.26911983,20327,-24.12455865,,
31977,-0.290344,-16.63548581,20356,-23.49092462,,
32006,-0.273557,-15.67366156,20385,-22.52910037,,
32035,-0.222929,-12.77289083,20414,-19.62832965,,
32063,-0.138461,-7.933230927,20442,-14.78866974,,
32093,-0.038804,-2.223305428,20472,-9.078744242,,
32121,0.057123,3.272906813,20500,-3.582532001,,
32150,0.175565,10.05913353,20529,3.203694716,,
32179,0.286147,16.39501542,20558,9.539576606,,
32208,0.367152,21.03626004,20587,14.18082123,,
32237,0.445625,25.53243175,20616,18.67699293,,
32265,0.513839,29.44080605,20644,22.58536723,,
32294,0.531826,30.47138524,20673,23.61594642,,
32323,0.53036,30.38738962,20702,23.53195081,,
32352,0.515971,29.56296065,20731,22.70752184,,
32380,0.459481,26.32632207,20759,19.47088325,,
32409,0.381674,21.86830935,20788,15.01287054,,
32438,0.302268,17.31868068,20817,10.46324187,,
32467,0.196083,11.23472833,20846,4.37928952,,
32495,0.11348,6.501925059,20874,-0.353513755,,
32524,-0.056657,-3.24620698,20903,-10.10164579,,
32553,-0.102355,-5.864509512,20932,-12.71994833,,
32581,-0.191753,-10.98663761,20960,-17.84207642,,
32610,-0.255571,-14.64313967,20989,-21.49857848,,
32625,-0.268894,-15.40649134,21004,-22.26193015,,
32653,-0.275156,-15.76527751,21032,-22.62071632,,
32682,-0.273557,-15.67366156,21061,-22.52910037,,
32711,-0.245978,-14.09350125,21090,-20.94894007,,
32740,-0.168571,-9.658406848,21119,-16.51384566,,
32769,-0.095294,-5.459944013,21148,-12.31538283,,
32798,-0.003897,-0.223281653,21177,-7.078720467,,
32827,0.112547,6.448468097,21206,-0.406970717,,
32856,0.207408,11.88360304,21235,5.028164223,,
32884,0.3044,17.44083528,21263,10.58539647,,
32913,0.397928,22.79959495,21292,15.94415614,,
32942,0.466676,26.7385652,21321,19.88312639,,
32971,0.499051,28.59351606,21350,21.73807725,,
32999,0.528495,30.28053299,21378,23.42509418,,
33028,0.555408,31.82253431,21407,24.96709549,,
33057,0.477201,27.34160328,21436,20.48616447,,
33086,0.38647,22.14309991,21465,15.28766109,,
33115,0.354628,20.3186877,21494,13.46324888,,
33143,0.251374,14.40266928,21522,7.547230465,,
33172,0.144789,8.29579862,21551,1.440359806,,
33201,0.052193,2.99043862,21580,-3.865000194,,
33230,-0.0432,-2.475177675,21609,-9.330616489,,
33258,-0.139127,-7.971389916,21637,-14.82682873,,
33273,-0.176165,-10.093511,21652,-16.94894981,,
33301,-0.220798,-12.65079352,21680,-19.50623234,,
33330,-0.258236,-14.79583292,21709,-21.65127173,,
33359,-0.273957,-15.69657987,21738,-22.55201868,,
33388,-0.251308,-14.39888776,21767,-21.25432657,,
33417,-0.196683,-11.2691058,21796,-18.12454462,,
33446,-0.142058,-8.139323846,21825,-14.99476266,,
33474,-0.064118,-3.673690791,21853,-10.52912961,,
33503,0.051394,2.944659292,21882,-3.910779522,,
33532,0.144389,8.272880308,21911,1.417441494,,
33561,0.237118,13.58586065,21940,6.730421832,,
33590,0.337575,19.34162277,21969,12.48618395,,
33619,0.417913,23.9446511,21998,17.08921229,,
33648,0.467209,26.76910385,22027,19.91366504,,
33677,0.496386,28.44082281,22056,21.585384,,
33705,0.51264,29.37210841,22084,22.5166696,,
33734,0.48666,27.88356406,22113,21.02812524,,
33763,0.446424,25.57821107,22142,18.72277226,,
33792,0.390334,22.3644908,22171,15.50905199,,
33820,0.3044,17.44083528,22199,10.58539647,,
33849,0.206342,11.82252574,22228,4.967086922,,
33877,0.106418,6.097302264,22256,-0.75813655,,
33906,0.021816,1.249964726,22285,-5.605474088,,
33935,-0.071312,-4.085876629,22314,-10.94131544,,
33963,-0.154315,-8.841598216,22342,-15.69703703,,
33992,-0.215202,-12.33016634,22371,-19.18560516,,
34021,-0.239184,-13.70423373,22400,-20.55967254,,
34035,-0.245712,-14.07826058,22414,-20.93369939,,
34064,-0.251574,-14.41412844,22443,-21.26956725,,
34094,-0.222663,-12.75765015,22473,-19.61308897,,
34122,-0.165107,-9.459934268,22501,-16.31537308,,
34137,-0.133531,-7.650762734,22516,-14.50620155,,
34166,-0.063585,-3.64315214,22545,-10.49859095,,
34195,0.037538,2.150768971,22574,-4.704669843,,
34224,0.138127,7.914094137,22603,1.058655323,,
34253,0.222196,12.73089302,22632,5.87545421,,
34282,0.314925,18.04387336,22661,11.18843455,,
34310,0.40459,23.18129943,22689,16.32586062,,
34339,0.445625,25.53243175,22718,18.67699293,,
34368,0.4788,27.43321923,22747,20.57778042,,
34397,0.501849,28.75382965,22776,21.89839084,,
34425,0.484529,27.76146675,22804,20.90602794,,
34454,0.438297,25.11256827,22833,18.25712946,,
34483,0.381541,21.86068901,22862,15.0052502,,
34512,0.314392,18.01333471,22891,11.1578959,,
34540,0.216467,12.4026455,22919,5.54720669,,
34569,0.115744,6.631642704,22948,-0.22379611,,
34598,0.026213,1.501894268,22977,-5.353544546,,
34627,-0.053592,-3.070595416,23006,-9.92603423,,
34655,-0.138994,-7.963769578,23034,-14.81920839,,
34684,-0.198148,-11.35304412,23063,-18.20848293,,
34713,-0.227859,-13.05535902,23092,-19.91079784,,
34727,-0.225194,-12.90266577,23106,-19.75810459,,
34756,-0.242781,-13.91032665,23135,-20.76576546,,
34785,-0.217067,-12.43702297,23164,-19.29246179,,
34814,-0.153383,-8.788198549,23193,-15.64363736,,
34843,-0.099158,-5.681334905,23222,-12.53677372,,
34872,-0.019352,-1.108787925,23251,-7.964226739,,
34901,0.074709,4.280510392,23280,-2.574928423,,
34929,0.178763,10.24236543,23308,3.386926619,,
34958,0.259634,14.87593242,23337,8.020493604,,
34987,0.332512,19.05153424,23366,12.19609542,,
35016,0.414849,23.76909684,23395,16.91365802,,
35044,0.45695,26.18130645,23423,19.32586763,,
35073,0.468274,26.83012386,23452,19.97468504,,
35102,0.480931,27.55531654,23481,20.69987772,,
35131,0.460947,26.41031768,23510,19.55487886,,
35159,0.403524,23.12022213,23538,16.26478332,,
35188,0.337974,19.36448379,23567,12.50904497,,
35217,0.270959,15.52480712,23596,8.669368307,,
35246,0.211405,12.11261427,23625,5.257175454,,
35274,0.11348,6.501925059,23653,-0.353513755,,
35303,-0.005229,-0.299599631,23682,-7.155038445,,
35317,-0.033874,-1.940837235,23696,-8.796276049,,
35346,-0.119142,-6.826333763,23725,-13.68177258,,
35375,-0.179896,-10.30728155,23754,-17.16272037,,
35404,-0.207741,-11.90268253,23783,-18.75812135,,
35433,-0.221064,-12.6660342,23812,-19.52147302,,
35462,-0.220398,-12.62787521,23841,-19.48331403,,
35491,-0.187357,-10.73476536,23870,-17.59020418,,
35520,-0.121274,-6.948488365,23899,-13.80392718,,
35549,-0.06092,-3.490458888,23928,-10.3458977,,
35578,0.017953,1.02863113,23957,-5.826807685,,
35606,0.121074,6.937029209,23985,0.081590395,,
35635,0.207941,11.91414169,24014,5.058702874,,
35664,0.279219,15.99807026,24043,9.142631446,,
35693,0.356094,20.40268331,24072,13.5472445,,
35722,0.422843,24.2271193,24101,17.37168048,,
35750,0.448156,25.67744736,24129,18.82200855,,
35779,0.463611,26.56295364,24158,19.70751482,,
35808,0.465743,26.68510824,24187,19.82966942,,
35837,0.428172,24.53244851,24216,17.67700969,,
35865,0.371016,21.25765093,24244,14.40221212,,
35894,0.300403,17.21182405,24273,10.35638524,,
35923,0.232455,13.31869043,24302,6.463251612,,
35952,0.13866,7.944632787,24331,1.089193973,,
35980,0.078307,4.486660606,24359,-2.368778208,,
36009,-0.027746,-1.589728698,24388,-8.445167513,,
36038,-0.097026,-5.559180303,24417,-12.41461912,,
36066,-0.165373,-9.475174945,24445,-16.33061376,,
36095,-0.194151,-11.12403289,24474,-17.9794717,,
36124,-0.204543,-11.71945063,24503,-18.57488944,,
36153,-0.208274,-11.93322118,24532,-18.78866,,
36182,-0.179096,-10.26144493,24561,-17.11688374,,
36211,-0.115278,-6.604942871,24590,-13.46038168,,
36240,-0.059854,-3.429381587,24619,-10.2848204,,
36269,0.013023,0.746162937,24648,-6.109275878,,
36298,0.107351,6.150759227,24677,-0.704679588,,
36327,0.195417,11.19656935,24706,4.341130531,,
36356,0.268294,15.37211387,24735,8.516675054,,
36384,0.335976,19.25000682,24763,12.394568,,
36413,0.410186,23.50192662,24792,16.6464878,,
36442,0.434567,24.89885502,24821,18.0434162,,
36471,0.446691,25.59350905,24850,18.73807023,,
36499,0.448956,25.72328399,24878,18.86784517,,
36528,0.453486,25.98283387,24907,19.12739505,,
36571,0.334111,19.14315019,24950,12.28771137,,
36600,0.276155,15.82251599,24979,8.967077177,,
36629,0.193818,11.10495339,25008,4.249514579,,
36658,0.098957,5.669818453,25037,-1.185620361,,
36686,0.014489,0.830158549,25065,-6.025280265,,
36715,-0.045066,-2.5820916,25094,-9.437530414,,
36744,-0.114746,-6.574461516,25123,-13.42990033,,
36772,-0.16564,-9.490472919,25151,-16.34591173,,
36801,-0.22666,-12.98666138,25180,-19.8421002,,
36830,-0.160577,-9.200384387,25209,-16.0558232,,
36859,-0.184026,-10.54391312,25238,-17.39935193,,
36888,-0.151384,-8.673664286,25267,-15.5291031,,
36917,-0.085168,-4.87976695,25296,-11.73520576,,
36946,-0.027346,-1.566810387,25325,-8.422249201,,
36975,0.049129,2.814884352,25354,-4.040554463,,
37003,0.14399,8.250019292,25382,1.394580478,,
37032,0.224328,12.85304763,25411,5.997608812,,
37061,0.289878,16.60878597,25440,9.753347159,,
37090,0.356094,20.40268331,25469,13.5472445,,
37119,0.409653,23.47138796,25498,16.61594915,,
37148,0.427772,24.50953019,25527,17.65409138,,
37176,0.431902,24.74616176,25555,17.89072295,,
37205,0.434167,24.8759367,25584,18.02049789,,
37234,0.392466,22.4866454,25613,15.63120659,,
37263,0.333977,19.13547255,25642,12.28003374,,
37291,0.262965,15.06678466,25670,8.211345845,,
37320,0.201679,11.55535552,25699,4.699916702,,
37349,0.116544,6.677479328,25728,-0.177959487,,
37377,0.032075,1.837762128,25756,-5.017676686,,
37406,-0.042934,-2.459936998,25785,-9.315375812,,
37420,-0.072644,-4.162194607,25799,-11.01763342,,
37449,-0.116877,-6.696558822,25828,-13.55199764,,
37478,-0.166439,-9.536252246,25857,-16.39169106,,
37506,-0.186824,-10.70422671,25885,-17.55966553,,
37535,-0.1747,-10.00957268,25914,-16.8650115,,
37564,-0.162043,-9.28438,25943,-16.13981881,,
37593,-0.158579,-9.085907419,25972,-15.94134623,,
37622,-0.045332,-2.597332277,26001,-9.452771091,,
37651,0.007294,0.417915416,26030,-6.437523398,,
37680,0.084835,4.860687455,26059,-1.994751359,,
37709,0.179163,10.26528374,26088,3.409844931,,
37737,0.244046,13.98280581,26116,7.127366993,,
37766,0.305865,17.5247736,26145,10.66933479,,
37795,0.368084,21.08965971,26174,14.23422089,,
37824,0.413783,23.70801953,26203,16.85258072,,
37853,0.42191,24.17366233,26232,17.31822352,,
37881,0.416581,23.86833313,26260,17.01289431,,
37910,0.407254,23.33393539,26289,16.47849658,,
37939,0.367951,21.08203937,26318,14.22660055,,
37968,0.299604,17.16604473,26347,10.31060591,,
37996,0.232588,13.32631077,26375,6.470871951,,
38025,0.165839,9.501874779,26404,2.646435964,,
38054,0.093095,5.333950594,26433,-1.52148822,,
38082,0.005029,0.288140475,26461,-6.567298339,,
38111,-0.061986,-3.551536189,26490,-10.406975,,
38140,-0.103154,-5.91028884,26519,-12.76572765,,
38169,-0.14752,-8.452273394,26548,-15.30771221,,
38197,-0.175233,-10.04011133,26576,-16.89555015,,
38226,-0.162442,-9.307241016,26605,-16.16267983,,
38241,-0.158978,-9.108768435,26620,-15.96420725,,
38270,-0.136729,-7.833994637,26649,-14.68943345,,
38299,-0.123006,-7.047724655,26678,-13.90316347,,
38328,-0.015488,-0.887397033,26707,-7.742835847,,
38357,0.046997,2.69272975,26736,-4.162709064,,
38385,0.117077,6.708017978,26764,-0.147420836,,
38414,0.19142,10.96755811,26793,4.1121193,,
38443,0.276288,15.83013633,26822,8.974697516,,
38472,0.323585,18.54005481,26851,11.684616,,
38500,0.368884,21.13549633,26879,14.28005752,,
38529,0.40459,23.18129943,26908,16.32586062,,
38558,0.415248,23.79195785,26937,16.93651904,,
38587,0.400193,22.92936989,26966,16.07393108,,
38616,0.374879,21.47898453,26995,14.62354571,,
38644,0.337308,19.3263248,27023,12.47088598,,
38673,0.270559,15.50188881,27052,8.646449995,,
38702,0.200346,11.47898024,27081,4.623541428,,
38731,0.133731,7.66222189,27110,0.806783076,,
38759,0.063784,3.654554,27138,-3.200884814,,
38788,-0.014556,-0.833997367,27167,-7.689436181,,
38817,-0.07371,-4.223271908,27196,-11.07871072,,
38831,-0.09596,-5.498103002,27210,-12.35354182,,
38860,-0.124605,-7.139340606,27239,-13.99477942,,
38889,-0.163375,-9.360697978,27268,-16.21613679,,
38918,-0.162309,-9.299620677,27297,-16.15505949,,
38947,-0.136329,-7.811076325,27326,-14.66651514,,
38976,-0.112747,-6.459927253,27355,-13.31536607,,
39004,-0.058389,-3.34544327,27383,-10.20088208,,
39033,0.012091,0.69276327,27412,-6.162675544,,
39062,0.071778,4.112576462,27441,-2.742862352,,
39091,0.144522,8.280500647,27470,1.425061833,,
39120,0.228591,13.09729953,27499,6.24186072,,
39149,0.276555,15.8454343,27528,8.989995489,,
39177,0.330647,18.94467761,27556,12.08923879,,
39206,0.38314,21.95230496,27585,15.09686615,,
39235,0.400326,22.93699023,27614,16.08155142,,
39264,0.393665,22.55534304,27643,15.69990423,,
39293,0.382607,21.92176631,27672,15.0663275,,
39322,0.355294,20.35684669,27701,13.50140787,,
39350,0.298138,17.08204911,27729,10.2266103,,
39379,0.241248,13.82249222,27758,6.967053402,,
39408,0.181827,10.4179197,27787,3.562480887,,
39436,0.09989,5.723275416,27815,-1.132163399,,
39465,0.027812,1.59351022,27844,-5.261928594,,
39479,0.001565,0.089667895,27858,-6.765770919,,
39508,-0.04813,-2.757645868,27887,-9.613084682,,
39537,-0.103821,-5.948505125,27916,-12.80394394,,
39565,-0.137395,-7.872153626,27944,-14.72759244,,
39595,-0.137928,-7.902692277,27974,-14.75813109,,
39624,-0.143257,-8.208021486,28003,-15.0634603,,
39652,-0.123139,-7.055344993,28031,-13.91078381,,
39681,-0.070646,-4.047717639,28060,-10.90315645,,
39710,-0.027612,-1.582051064,28089,-8.437489878,,
39739,0.034607,1.982835042,28118,-4.872603773,,
39754,0.047264,2.708027723,28133,-4.147411091,,
39783,0.14279,8.181264357,28162,1.325825542,,
39811,0.202878,11.62405316,28190,4.768614342,,
39840,0.279619,16.02098857,28219,9.165549757,,
39869,0.324918,18.61643009,28248,11.76099127,,
39898,0.353429,20.24999006,28277,13.39455124,,
39927,0.382207,21.898848,28306,15.04340919,,
39956,0.393798,22.56296338,28335,15.70752457,,
39984,0.370882,21.2499733,28363,14.39453448,,
40013,0.338241,19.37978176,28392,12.52434294,,
40042,0.299337,17.15074675,28421,10.29530794,,
40071,0.244446,14.00572412,28450,7.150285305,,
40099,0.174499,9.998056229,28478,3.142617415,,
40114,0.139593,7.99808975,28493,1.142650935,,
40143,0.08297,4.753830826,28522,-2.101607988,,
40171,0.043133,2.471338858,28550,-4.384099956,,
40200,-0.052127,-2.986657099,28579,-9.842095913,,
40229,-0.124072,-7.108801956,28608,-13.96424077,,
40258,-0.117277,-6.719477134,28637,-13.57491595,,
40286,-0.137928,-7.902692277,28665,-14.75813109,,
40315,-0.135663,-7.772917336,28694,-14.62835615,,
40344,-0.107285,-6.146977705,28723,-13.00241652,,
40373,-0.077574,-4.4446628,28752,-11.30010161,,
40402,-0.023082,-1.322501183,28781,-8.177939997,,
40431,0.0434,2.486636831,28810,-4.368801983,,
40460,0.097359,5.578259798,28839,-1.277179017,,
40489,0.165706,9.49425444,28868,2.638815626,,
40517,0.244313,13.99810378,28896,7.142664966,,
40546,0.290144,16.62402665,28925,9.768587837,,
40575,0.327715,18.77668638,28954,11.92124757,,
40604,0.36502,20.91410544,28983,14.05866662,,
40632,0.418846,23.99810807,29011,17.14266925,,
40661,0.372081,21.31867094,29040,14.46323212,,
40690,0.349832,20.04389714,29069,13.18845832,,
40719,0.327182,18.74614773,29098,11.89070892,,
40748,0.265896,15.23471859,29127,8.379279775,,
40776,0.205009,11.74615046,29155,4.890711648,,
40805,0.153715,8.807220748,29184,1.951781934,,
40834,0.082836,4.746153192,29213,-2.109285622,,
40863,0.011558,0.66222462,29242,-6.193214195,,
40891,-0.033608,-1.925596558,29270,-8.781035372,,
40920,-0.075576,-4.330185832,29299,-11.18562465,,
40949,-0.115412,-6.612620505,29328,-13.46805932,,
40978,-0.118876,-6.811093085,29357,-13.6665319,,
41007,-0.118742,-6.803415451,29386,-13.65885427,,
41036,-0.108217,-6.200377372,29415,-13.05581619,,
41064,-0.070246,-4.024799328,29443,-10.88023814,,
41094,-0.011891,-0.681304114,29473,-7.536742928,,
41122,0.034074,1.952296391,29501,-4.903142423,,
41151,0.094694,5.425566545,29530,-1.429872269,,
41180,0.169303,9.700347359,29559,2.844908545,,
41209,0.224062,12.83780695,29588,5.982368135,,
41237,0.273624,15.67750037,29616,8.822061559,,
41266,0.327982,18.79198436,29645,11.93654554,,
41295,0.357959,20.50953994,29674,13.65410112,,
41324,0.360091,20.63169454,29703,13.77625573,,
41353,0.361556,20.71563286,29732,13.86019404,,
41381,0.356493,20.42554433,29760,13.57010551,,
41410,0.311461,17.84540078,29789,10.98996197,,
41439,0.263231,15.08202534,29818,8.226586523,,
41468,0.211671,12.12785495,29847,5.272416131,,
41496,0.16011,9.173627258,29875,2.318188444,,
41525,0.087633,5.021001046,29904,-1.834437768,,
41553,0.021683,1.242344387,29932,-5.613094427,,
41582,-0.056124,-3.215668329,29961,-10.07110714,,
41611,-0.064384,-3.688931468,29990,-10.54437028,,
41640,-0.103021,-5.902668501,30019,-12.75810732,,
41669,-0.116611,-6.681318145,30048,-13.53675696,,
41698,-0.101156,-5.795811872,30077,-12.65125069,,
41727,-0.097292,-5.57442098,30106,-12.42985979,,
41741,-0.084236,-4.826367283,30120,-11.6818061,,
41770,-0.036939,-2.116448799,30149,-8.971887614,,
41799,0.011291,0.646926646,30178,-6.208512168,,
41828,0.059388,3.402681754,30207,-3.452757061,,
41856,0.127469,7.303435719,30235,0.447996905,,
41885,0.191953,10.99809676,30264,4.142657951,,
41914,0.239516,13.72325593,30293,6.867817112,,
41943,0.250574,14.35683266,30322,7.501393841,,
41972,0.335576,19.22708851,30351,12.37164969,,
42001,0.347034,19.88358355,30380,13.02814473,,
42030,0.384205,22.01332497,30409,15.15788615,,
42059,0.320121,18.34158223,30438,11.48614342,,
42087,0.32625,18.69274807,30466,11.83730925,,
42116,0.286014,16.38739508,30495,9.531956267,,
42145,0.234587,13.44084503,30524,6.585406214,,
42173,0.194484,11.14311238,30552,4.287673569,,
42202,0.123605,7.082044827,30581,0.226606012,,
42231,0.057922,3.318686141,30610,-3.536752673,,
42259,0.009826,0.562988329,30638,-6.292450485,,
42288,-0.028412,-1.627887688,30667,-8.483326502,,
42317,-0.077707,-4.452283139,30696,-11.30772195,,
42331,-0.088899,-5.093537503,30710,-11.94897632,,
42360,-0.102488,-5.872129851,30739,-12.72756866,,
42389,-0.09596,-5.498103002,30768,-12.35354182,,
42418,-0.092229,-5.284332449,30797,-12.13977126,,
42447,-0.058655,-3.360683947,30826,-10.21612276,,
42476,-0.011092,-0.635524786,30855,-7.490963601,,
42505,0.031276,1.7919828,30884,-5.063456014,,
42534,0.088565,5.074400713,30913,-1.781038102,,
42563,0.158778,9.09730928,30942,2.241870465,,
42591,0.205143,11.7538281,30970,4.898389282,,
42620,0.250974,14.37975097,30999,7.524312153,,
42649,0.307864,17.63930786,31028,10.78386905,,
42678,0.327316,18.75382537,31057,11.89838655,,
42707,0.33944,19.4484794,31086,12.59304058,,
42736,0.348633,19.9751995,31115,13.11976068,,
42764,0.336109,19.25762716,31143,12.40218834,,
42793,0.29574,16.94465383,31172,10.08921502,,
42822,0.261766,14.99808702,31201,8.142648206,,
42851,0.249642,14.30343299,31230,7.447994175,,
42879,0.153049,8.769061759,31258,1.913622944,,
42908,0.099091,5.677496088,31287,-1.177942726,,
42937,0.047397,2.715648062,31316,-4.139790753,,
42965,-0.00856,-0.490451873,31344,-7.345890687,,
42994,-0.053326,-3.055354738,31373,-9.910793553,,
43023,-0.071179,-4.07825629,31402,-10.9336951,,
43052,-0.083969,-4.81106931,31431,-11.66650812,,
43081,-0.098358,-5.635498281,31460,-12.4909371,,
43110,-0.082104,-4.704212681,31489,-11.5596515,,
43139,-0.044266,-2.536254976,31518,-9.39169379,,
43168,-0.015622,-0.895074668,31547,-7.750513482,,
43196,0.033008,1.89121909,31575,-4.964219724,,
43225,0.096426,5.524802835,31604,-1.330635979,,
43254,0.14399,8.250019292,31633,1.394580478,,
43283,0.197016,11.2881853,31662,4.432746482,,
43312,0.249775,14.31105333,31691,7.455614514,,
43341,0.295074,16.90649484,31720,10.05105603,,
43369,0.311861,17.86831909,31748,11.01288028,,
43398,0.33038,18.92937964,31777,12.07394082,,
43427,0.333977,19.13547255,31806,12.28003374,,
43456,0.316391,18.12786898,31835,11.27243016,,
43485,0.292809,16.7767199,31864,9.921281089,,
43513,0.26523,15.1965596,31892,8.341120786,,
43542,0.204077,11.6927508,31921,4.837311981,,
43557,0.180761,10.3568424,31936,3.501403586,,
43585,0.122406,7.013347187,31964,0.157908373,,
43614,0.081637,4.677455552,31993,-2.177983262,,
43643,0.02608,1.49427393,32022,-5.361164885,,
43671,-0.021217,-1.215644554,32050,-8.071083368,,
43700,-0.052393,-3.001897776,32079,-9.85733659,,
43729,-0.069314,-3.971399661,32108,-10.82683848,,
43758,-0.089432,-5.124076153,32137,-11.97951497,,
43787,-0.072911,-4.17749258,32166,-11.03293139,,
43816,-0.059321,-3.398842936,32195,-10.25428175,,
43845,-0.03001,-1.719446343,32224,-8.574885157,,
43874,0.025813,1.478975957,32253,-5.376462858,,
43903,0.061386,3.517158721,32282,-3.338280093,,
43932,0.113346,6.494247425,32311,-0.36119139,,
43961,0.179829,10.30344273,32340,3.44800392,,
43990,0.214202,12.27287056,32369,5.417431749,,
44004,0.238584,13.66985626,32383,6.814417445,,
44033,0.277754,15.91413194,32412,9.058693129,,
44062,0.315458,18.07441201,32441,11.2189732,,
44091,0.319055,18.28050493,32470,11.42506612,,
44120,0.286147,16.39501542,32499,9.539576606,,
44148,0.319455,18.30342324,32527,11.44798443,,
44177,0.279486,16.01336823,32556,9.157929419,,
44206,0.241382,13.83016985,32585,6.974731036,,
44234,0.210605,12.06677764,32613,5.21133883,,
44249,0.189555,10.86070149,32628,4.005262671,,
44278,0.127735,7.318676396,32657,0.463237582,,
44306,0.070712,4.051499161,32685,-2.803939653,,
44335,0.037937,2.173629987,32714,-4.681808827,,
44364,-0.004164,-0.238579626,32743,-7.09401844,,
44392,-0.044932,-2.574413965,32771,-9.429852779,,
44421,-0.06545,-3.750008769,32800,-10.60544758,,
44450,-0.066116,-3.788167758,32829,-10.64360657,,
44479,-0.073977,-4.238569881,32858,-11.0940087,,
44508,-0.050395,-2.887420809,32887,-9.742859623,,
44537,-0.010958,-0.627847152,32916,-7.483285966,,
44566,0.017953,1.02863113,32945,-5.826807685,,
44595,0.060187,3.448461082,32974,-3.406977733,,
44623,0.081371,4.662214875,33002,-2.193223939,,
44652,0.176631,10.12021083,33031,3.264772017,,
44681,0.211271,12.10493663,33060,5.249497819,,
44710,0.254039,14.55536253,33089,7.699923717,,
44739,0.294674,16.88357653,33118,10.02813772,,
44767,0.301469,17.27290135,33146,10.41746254,,
44796,0.3048,17.4637536,33175,10.60831478,,
44825,0.317323,18.18126864,33204,11.32582983,,
44854,0.299204,17.14312641,33233,10.2876876,,
44883,0.259901,14.89123039,33262,8.035791577,,
44911,0.222063,12.72327269,33290,5.867833872,,
44940,0.187423,10.73854688,33319,3.883108069,,
44969,0.130933,7.501908299,33348,0.646469485,,
44998,0.113213,6.486627086,33377,-0.368811728,,
45026,0.03847,2.204168638,33405,-4.651270176,,
45055,0.005829,0.333977099,33434,-6.521461715,,
45084,-0.036539,-2.093530488,33463,-8.948969302,,
45113,-0.089831,-5.146937169,33492,-12.00237598,,
45141,-0.053459,-3.062975077,33520,-9.918413891,,
45170,-0.062919,-3.604993151,33549,-10.46043197,,
45185,-0.053726,-3.07827305,33564,-9.933711864,,
45214,-0.024814,-1.421737473,33593,-8.277176287,,
45243,0.005562,0.318679126,33622,-6.536759689,,
45271,0.039803,2.280543912,33650,-4.574894902,,
45300,0.090164,5.166016664,33679,-1.68942215,,
45329,0.113879,6.524786075,33708,-0.330652739,,
45358,0.18689,10.70800823,33737,3.852569419,,
45387,0.224328,12.85304763,33766,5.997608812,,
45416,0.257503,14.75383511,33795,7.898396298,,
45444,0.294141,16.85303788,33823,9.997599068,,
45473,0.297605,17.05151046,33852,10.19607165,,
45502,0.296273,16.97519248,33881,10.11975367,,
45531,0.301336,17.26528102,33910,10.4098422,,
45559,0.272558,15.61642307,33938,8.760984258,,
45588,0.239383,13.71563559,33967,6.860196773,,
45617,0.205409,11.76906877,33996,4.91362996,,
45646,0.16464,9.433177139,34025,2.577738325,,
45674,0.105752,6.059143275,34053,-0.796295539,,
45703,0.062319,3.570615683,34082,-3.284823131,,
45732,0.036339,2.082071332,34111,-4.773367483,,
45760,-0.00896,-0.513370184,34139,-7.368808999,,
45789,-0.03987,-2.284382729,34168,-9.139821543,,
45818,-0.042801,-2.452316659,34197,-9.307755473,,
45847,-0.05186,-2.971359126,34226,-9.82679794,,
45876,-0.047997,-2.750025529,34255,-9.605464344,,
45905,-0.023482,-1.345419495,34284,-8.200858309,,
45934,0.044599,2.555334471,34313,-4.300104344,,
45963,0.042467,2.433179869,34342,-4.422258946,,
45991,0.088832,5.089698686,34370,-1.765740129,,
46006,0.117743,6.746176967,34385,-0.109261847,,
46035,0.157579,9.02861164,34414,2.173172826,,
46063,0.19595,11.227108,34442,4.371669181,,
46092,0.23512,13.47138368,34471,6.615944865,,
46121,0.274423,15.7232797,34500,8.867840887,,
46150,0.280152,16.05152722,34529,9.196088408,,
46178,0.290144,16.62402665,34557,9.768587837,,
46207,0.297605,17.05151046,34586,10.19607165,,
46236,0.280685,16.08206587,34615,9.226627058,,
46265,0.248043,14.21181704,34644,7.356378224,,
46293,0.184225,10.55531498,34672,3.699876167,,
46322,0.189155,10.83778317,34701,3.98234436,,
46351,0.134663,7.715621557,34730,0.860182742,,
46379,0.088432,5.066780374,34758,-1.78865844,,
46408,0.051927,2.975197943,34787,-3.880240871,,
46422,0.041401,2.372102568,34801,-4.483336247,,
46451,0.0001,0.005729578,34830,-6.849709236,,
46480,-0.03041,-1.742364655,34859,-8.597803469,,
46509,-0.034141,-1.956135208,34888,-8.811574023,,
46537,-0.036672,-2.101150826,34916,-8.956589641,,
46566,-0.037871,-2.169848466,34945,-9.02528728,,
46595,-0.014822,-0.849238044,34974,-7.704676858,,
46624,0.018486,1.05916978,35003,-5.796269034,,
46653,0.043933,2.517175481,35032,-4.338263333,,
46682,0.094028,5.387407556,35061,-1.468031258,,
46711,0.135862,7.784319196,35090,0.928880382,,
46740,0.170636,9.776722633,35119,2.921283819,,
46769,0.20874,11.95992102,35148,5.104482201,,
46797,0.252307,14.45612624,35176,7.600687427,,
46826,0.264564,15.15840061,35205,8.302961797,,
46855,0.275489,15.784357,35234,8.928918188,,
46884,0.292009,16.73088328,35263,9.875444466,,
46912,0.273357,15.6622024,35291,8.806763586,,
46941,0.252839,14.4866076,35320,7.631168782,,
46970,0.229924,13.17367481,35349,6.318235995,,
46998,0.205542,11.77668911,35377,4.921250298,,
47027,0.157313,9.013370963,35406,2.157932148,,
47056,0.111348,6.379770457,35435,-0.475668357,,
47084,0.07391,4.234731064,35463,-2.62070775,,
47113,0.077907,4.463742295,35492,-2.39169652,,
47142,0.005029,0.288140475,35521,-6.567298339,,
47171,-0.020551,-1.177485565,35550,-8.032924379,,
47200,-0.020551,-1.177485565,35579,-8.032924379,,
47229,-0.036539,-2.093530488,35608,-8.948969302,,
47258,-0.03121,-1.788201279,35637,-8.643640093,,
47286,0.0001,0.005729578,35665,-6.849709236,,
47315,0.018885,1.082030796,35694,-5.773408018,,
47344,0.047264,2.708027723,35723,-4.147411091,,
47373,0.090963,5.211795992,35752,-1.643642822,,
47402,0.131599,7.540067288,35781,0.684628474,,
47430,0.163974,9.39501815,35809,2.539579336,,
47459,0.201012,11.51713923,35838,4.661700417,,
47488,0.247643,14.18889873,35867,7.333459912,,
47517,0.255504,14.63930085,35896,7.783862034,,
47546,0.267895,15.34925285,35925,8.493814038,,
47575,0.281484,16.1278452,35954,9.272406386,,
47603,0.270559,15.50188881,35982,8.646449995,,
47632,0.24791,14.2041967,36011,7.348757885,,
47661,0.227526,13.03627953,36040,6.180840715,,
47690,0.203944,11.68513046,36069,4.829691643,,
47704,0.215535,12.34924584,36083,5.493807023,,
47733,0.137994,7.906473798,36112,1.051034984,,
47761,0.09163,5.250012277,36140,-1.605426537,,
47790,0.063918,3.662231635,36169,-3.193207179,,
47818,0.037405,2.143148633,36197,-4.712290182,,
47847,0.000766,0.043888567,36226,-6.811550247,,
47876,-0.020151,-1.154567253,36255,-8.010006067,,
47905,-0.015488,-0.887397033,36284,-7.742835847,,
47934,-0.021484,-1.230942527,36313,-8.086381341,,
47963,-0.016154,-0.925556022,36342,-7.780994836,,
47992,-0.02215,-1.269101516,36371,-8.12454033,,
48020,0.046198,2.646950422,36399,-4.208488392,,
48049,0.068714,3.937022193,36428,-2.918416621,,
48078,0.106285,6.089681926,36457,-0.765756889,,
48107,0.15638,8.959914,36486,2.104475186,,
48136,0.18236,10.44845835,36515,3.593019538,,
48164,0.208873,11.96754135,36543,5.11210254,,
48193,0.246844,14.1431194,36572,7.287680584,,
48222,0.258568,14.81485512,36601,7.959416303,,
48251,0.263764,15.11256399,36630,8.257125173,,
48280,0.261766,14.99808702,36659,8.142648206,,
48309,0.262432,15.03624601,36688,8.180807195,,
48337,0.229258,13.13551582,36716,6.280077005,,
48366,0.201679,11.55535552,36745,4.699916702,,
48395,0.180495,10.34160172,36774,3.486162909,,
48424,0.138527,7.937012449,36803,1.081573634,,
48452,0.095893,5.494264185,36831,-1.361174629,,
48481,0.060986,3.494240409,36860,-3.361198405,,
48509,0.012357,0.708003947,36888,-6.147434867,,
48538,0.045132,2.585873121,36917,-4.269565693,,
48567,-0.011891,-0.681304114,36946,-7.536742928,,
48596,-0.011491,-0.658385802,36975,-7.513824617,,
48625,-0.012024,-0.688924453,37004,-7.544363267,,
48654,-0.008427,-0.482831534,37033,-7.338270348,,
48683,0.01702,0.975174167,37062,-5.880264647,,
48711,0.048329,2.769047728,37090,-4.086391086,,
48740,0.06898,3.952262871,37119,-2.903175943,,
48769,0.104953,6.013363947,37148,-0.842074867,,
48812,0.169703,9.723265671,37191,2.867826856,,
48841,0.189821,10.87594216,37220,4.020503349,,
48870,0.220597,12.63927707,37249,5.783838259,,
48899,0.253372,14.51714625,37278,7.661707433,,
48928,0.253506,14.52482388,37307,7.669385067,,
48957,0.253506,14.52482388,37336,7.669385067,,
48986,0.257503,14.75383511,37365,7.898396298,,
49014,0.237385,13.60115862,37393,6.745719805,,
49043,0.211271,12.10493663,37422,5.249497819,,
49071,0.187556,10.74616722,37450,3.890728408,,
49100,0.161043,9.22708422,37479,2.371645406,,
49115,0.137195,7.86069447,37494,1.005255656,,
49143,0.097625,5.593500475,37522,-1.261938339,,
49172,0.077374,4.433203644,37551,-2.42223517,,
49201,0.076708,4.395044655,37580,-2.460394159,,
49229,0.015288,0.875937877,37608,-5.979500937,,
49258,-0.0007,-0.040107046,37637,-6.89554586,,
49287,0.0001,0.005729578,37666,-6.849709236,,
49301,-0.003231,-0.185122664,37680,-7.040561478,,
49330,-0.004697,-0.269118276,37709,-7.124557091,,
49359,-0.021084,-1.208024215,37738,-8.063463029,,
49388,0.036472,2.08969167,37767,-4.765747144,,
49417,0.057656,3.303445464,37796,-3.551993351,,
49446,0.094161,5.395027895,37825,-1.460410919,,
49474,0.129601,7.425590321,37853,0.570151506,,
49503,0.154781,8.868298049,37882,2.012859235,,
49532,0.19102,10.9446398,37911,4.089200988,,
49561,0.224861,12.88358628,37940,6.028147463,,
49589,0.235919,13.51716301,37968,6.661724193,,
49618,0.237251,13.59348099,37997,6.738042171,,
49647,0.216068,12.37978449,38026,5.524345674,,
49676,0.252706,14.47898726,38055,7.623548443,,
49705,0.224994,12.89120662,38084,6.035767802,,
49733,0.207941,11.91414169,38112,5.058702874,,
49762,0.193951,11.11257373,38141,4.257134918,,
49791,0.151717,8.69274378,38170,1.837304966,,
49819,0.11761,6.738556629,38198,-0.116882186,,
49848,0.089898,5.150775987,38227,-1.704662828,,
49877,0.066982,3.837785903,38256,-3.017652911,,
49891,0.046997,2.69272975,38270,-4.162709064,,
49920,0.019418,1.112569447,38299,-5.742869368,,
49948,0.009959,0.570608668,38327,-6.284830146,,
49977,0.044333,2.540093793,38356,-4.315345021,,
50006,-0.000566,-0.032429411,38385,-6.887868225,,
50035,0.009692,0.555310695,38414,-6.300128119,,
50064,0.037538,2.150768971,38443,-4.704669843,,
50092,0.048596,2.784345701,38471,-4.071093113,,
50121,0.072844,4.173653763,38500,-2.681785051,,
50150,0.079639,4.562978585,38529,-2.29246023,,
50179,0.144256,8.265259969,38558,1.409821155,,
50208,0.164374,9.417936462,38587,2.562497647,,
50237,0.193685,11.09733305,38616,4.241894241,,
50265,0.226326,12.96752459,38644,6.11208578,,
50294,0.228858,13.11259751,38673,6.257158694,,
50323,0.236452,13.54770166,38702,6.692262843,,
50352,0.216867,12.42556382,38731,5.570125001,,
50381,0.233254,13.36446975,38760,6.50903094,,
50409,0.211937,12.14309562,38788,5.287656808,,
50438,0.192486,11.02863542,38817,4.173196601,,
50467,0.177164,10.15074948,38846,3.295310667,,
50481,0.15185,8.700364119,38860,1.844925305,,
50510,0.119608,6.853033596,38889,-0.002405218,,
50539,0.091363,5.234714304,38918,-1.620724511,,
50567,0.071778,4.112576462,38946,-2.742862352,,
50596,0.037271,2.135470998,38975,-4.719967816,,
50624,0.019418,1.112569447,39003,-5.742869368,,
50653,0.011158,0.639306308,39032,-6.216132506,,
50682,0.013423,0.769081248,39061,-6.086357566,,
50711,0.044999,2.578252782,39090,-4.277186032,,
50740,0.022349,1.280503376,39119,-5.574935438,,
50768,0.05206,2.982818281,39147,-3.872620533,,
50797,0.06565,3.761467925,39176,-3.093970889,,
50826,0.088699,5.082078347,39205,-1.773360467,,
50855,0.133731,7.66222189,39234,0.806783076,,
50883,0.152117,8.715662092,39262,1.860223278,,
50898,0.163575,9.372157134,39277,2.51671832,,
50927,0.186224,10.66984924,39306,3.81441043,,
50956,0.185957,10.65455127,39335,3.799112457,,
50984,0.229924,13.17367481,39363,6.318235995,,
51013,0.228192,13.07443852,39392,6.218999704,,
51042,0.238584,13.66985626,39421,6.814417445,,
51071,0.226859,12.99806324,39450,6.14262443,,
51099,0.205809,11.79198709,39478,4.936548272,,
51128,0.193951,11.11257373,39507,4.257134918,,
51157,0.174899,10.02097454,39536,3.165535727,,
51185,0.136795,7.837776158,39564,0.982337344,,
51214,0.106418,6.097302264,39593,-0.75813655,,
51242,0.074176,4.249971741,39621,-2.605467073,,
51271,0.063918,3.662231635,39650,-3.193207179,,
51300,0.040869,2.341621213,39679,-4.513817601,,
51329,0.022349,1.280503376,39708,-5.574935438,,
51357,0.01289,0.738542598,39736,-6.116896216,,
51386,0.026346,1.509514607,39765,-5.345924207,,
51415,0.023815,1.364498989,39794,-5.490939825,,
51444,0.036872,2.112609982,39823,-4.742828832,,
51472,0.066316,3.799626914,39851,-3.0558119,,
51501,0.088965,5.097319024,39880,-1.75811979,,
51530,0.106951,6.127840915,39909,-0.7275979,,
51559,0.141458,8.104946378,39938,1.249507564,,
51588,0.172767,9.898819939,39967,3.043381125,,
51602,0.171835,9.845420273,39981,2.989981458,,
51631,0.194751,11.15841036,40010,4.302971542,,
51660,0.214735,12.30340921,40039,5.4479704,,
51689,0.229391,13.14313616,40068,6.287697344,,
51718,0.222463,12.746191,40097,5.890752184,,
51746,0.217267,12.44848213,40125,5.593043313,,
51775,0.22113,12.66981572,40154,5.81437691,,
51804,0.193152,11.0667944,40183,4.21135559,,
51833,0.169037,9.685106682,40212,2.829667867,,
51861,0.140925,8.074407728,40240,1.218968914,,
51890,0.13453,7.708001218,40269,0.852562404,,
51919,0.092163,5.280550927,40298,-1.574887887,,
51947,0.066982,3.837785903,40326,-3.017652911,,
51976,0.058722,3.364522765,40355,-3.49091605,,
52005,0.076441,4.379746682,40384,-2.475692132,,
52033,0.023682,1.35687865,40412,-5.498560164,,
52062,0.019152,1.097328769,40441,-5.758110045,,
52091,0.038337,2.196548299,40470,-4.658890515,,
52120,0.036738,2.104932348,40499,-4.750506466,,
52149,0.048862,2.799586379,40528,-4.055852436,,
52177,0.077774,4.456121956,40556,-2.399316858,,
52206,0.103887,5.952286646,40585,-0.903152168,,
52235,0.120674,6.914110897,40614,0.058672083,,
52264,0.150385,8.616425802,40643,1.760986988,,
52293,0.182627,10.46375633,40672,3.608317511,,
52321,0.188489,10.79962418,40700,3.94418537,,
52350,0.201412,11.54005754,40729,4.684618729,,
52379,0.222996,12.77672965,40758,5.921290834,,
52408,0.248443,14.23473535,40787,7.379296535,,
52437,0.208074,11.92176203,40816,5.066323212,,
52466,0.199147,11.4102826,40845,4.554843788,,
52494,0.194884,11.16603069,40873,4.31059188,,
52523,0.167039,9.570629714,40902,2.7151909,,
52552,0.139593,7.99808975,40931,1.142650935,,
52580,0.129334,7.410292348,40959,0.554853533,,
52609,0.097625,5.593500475,40988,-1.261938339,,
52638,0.06938,3.975181183,41017,-2.880257632,,
52667,0.065383,3.746169952,41046,-3.109268862,,
52695,0.045665,2.616411771,41074,-4.239027043,,
52724,0.029677,1.700366849,41103,-5.155071966,,
52753,0.030477,1.746203472,41132,-5.109235342,,
52782,0.046198,2.646950422,41161,-4.208488392,,
52796,0.040336,2.311082562,41175,-4.544356252,,
52825,0.049395,2.830125029,41204,-4.025313785,,
52854,0.075642,4.333967354,41233,-2.52147146,,
52883,0.091763,5.257632615,41262,-1.597806199,,
52911,0.108816,6.234697543,41290,-0.620741271,,
52940,0.114412,6.555324726,41319,-0.300114089,,
52969,0.159444,9.135468269,41348,2.280029454,,
52998,0.1741,9.975195213,41377,3.119756399,,
53027,0.204876,11.73853012,41406,4.883091309,,
53055,0.206741,11.84538675,41434,4.989947938,,
53084,0.207141,11.86830506,41463,5.01286625,,
53113,0.209939,12.02861866,41492,5.173179841,,
53142,0.205542,11.77668911,41521,4.921250298,,
53170,0.185158,10.60877194,41549,3.753333129,,
53199,0.16997,9.738563644,41578,2.88312483,,
53228,0.163708,9.379777473,41607,2.524338658,,
53257,0.128668,7.372133358,41636,0.516694544,,
53285,0.101222,5.799593394,41664,-1.05584542,,
53314,0.092296,5.288171266,41693,-1.567267548,,
53343,0.071512,4.097335785,41722,-2.75810303,,
53371,0.049129,2.814884352,41750,-4.040554463,,
53400,0.039003,2.234707288,41779,-4.620731526,,
53429,0.046464,2.662191099,41808,-4.193247715,,
53458,0.034607,1.982835042,41837,-4.872603773,,
53486,0.044865,2.570575148,41865,-4.284863666,,
53515,0.067648,3.875944893,41894,-2.979493922,,
53544,0.075642,4.333967354,41923,-2.52147146,,
53573,0.090963,5.211795992,41952,-1.643642822,,
53601,0.118676,6.799633929,41980,-0.055804885,,
53616,0.139193,7.975171438,41995,1.119732624,,
53645,0.150784,8.639286818,42024,1.783848004,,
53674,0.162375,9.303402198,42053,2.447963384,,
53702,0.193019,11.05917407,42081,4.203735252,,
53731,0.195284,11.18894901,42110,4.333510192,,
53760,0.201279,11.5324372,42139,4.67699839,,
53789,0.205809,11.79198709,42168,4.936548272,,
53818,0.208473,11.94462304,42197,5.089184228,,
53847,0.189155,10.83778317,42226,3.98234436,,
53875,0.170503,9.769102294,42254,2.91366348,,
53904,0.165307,9.471393424,42283,2.61595461,,
53933,0.137461,7.875935148,42312,1.020496333,,
53961,0.109483,6.272913828,42340,-0.582524986,,
53975,0.106951,6.127840915,42354,-0.7275979,,
54004,0.095493,5.471345873,42383,-1.384092941,,
54033,0.069513,3.982801521,42412,-2.872637293,,
54062,0.051394,2.944659292,42441,-3.910779522,,
54090,0.051793,2.967520308,42469,-3.887918506,,
54119,0.053525,3.066756598,42498,-3.788682216,,
54148,0.043,2.463718519,42527,-4.391720295,,
54177,0.050594,2.898822669,42556,-3.956616146,,
54206,0.074176,4.249971741,42585,-2.605467073,,
54235,0.080838,4.631676224,42614,-2.22376259,,
54263,0.092962,5.326330255,42642,-1.529108559,,
54292,0.124005,7.104963139,42671,0.249524324,,
54321,0.148519,8.509511878,42700,1.654073063,,
54350,0.158245,9.066770629,42729,2.211331815,,
54378,0.167172,9.578250053,42757,2.722811239,,
54407,0.193418,11.08203508,42786,4.226596268,,
54436,0.202345,11.59351451,42815,4.738075691,,
54465,0.194884,11.16603069,42844,4.31059188,,
54494,0.192885,11.05149643,42873,4.196057617,,
54522,0.201412,11.54005754,42901,4.684618729,,
54551,0.177963,10.19652881,42930,3.341089995,,
54580,0.158645,9.089688941,42959,2.234250127,,
54608,0.14279,8.181264357,42987,1.325825542,,
54623,0.142391,8.158403341,43002,1.302964526,,
54651,0.119209,6.83017258,43030,-0.025266234,,
54680,0.092962,5.326330255,43059,-1.529108559,,
54709,0.076441,4.379746682,43088,-2.475692132,,
54738,0.076308,4.372126343,43117,-2.483312471,,
54766,0.054591,3.127833899,43145,-3.727604915,,
54795,0.046464,2.662191099,43174,-4.193247715,,
54824,0.056323,3.22707019,43203,-3.628368625,,
54853,0.061786,3.540077033,43232,-3.315361781,,
54881,0.061253,3.509538383,43260,-3.345900432,,
54910,0.045931,2.631652449,43289,-4.223786365,,
54939,0.10482,6.005743609,43318,-0.849695206,,
54968,0.110815,6.349231807,43347,-0.506207007,,
54996,0.131466,7.532446949,43375,0.677008135,,
55025,0.16091,9.219463881,43404,2.364025067,,
55040,0.16051,9.19654557,43419,2.341106755,,
55068,0.16957,9.715645332,43447,2.860206518,,
55097,0.148253,8.4942712,43476,1.638832386,,
55126,0.194084,11.12019407,43505,4.264755257,,
55155,0.188222,10.78432621,43534,3.928887397,,
55184,0.150118,8.601127829,43563,1.745689015,,
55213,0.189555,10.86070149,43592,4.005262671,,
55241,0.166905,9.56295208,43620,2.707513265,,
55270,0.15678,8.982832312,43649,2.127393498,,
55299,0.149718,8.578209517,43678,1.722770703,,
55327,0.11721,6.715638317,43706,-0.139800497,,
55356,0.097092,5.562961824,43735,-1.29247699,,
55385,0.094694,5.425566545,43764,-1.429872269,,
55414,0.074576,4.272890053,43793,-2.582548761,,
55442,0.057789,3.311065802,43821,-3.544373012,,
55471,0.058189,3.333984114,43850,-3.5214547,,
55500,0.065383,3.746169952,43879,-3.109268862,,
55529,0.058988,3.379763442,43908,-3.475675372,,
55558,0.063118,3.616395011,43937,-3.239043803,,
55586,0.090431,5.181314637,43965,-1.674124177,,
55615,0.094028,5.387407556,43994,-1.468031258,,
55630,0.096426,5.524802835,44009,-1.330635979,,
55658,0.115345,6.608781688,44037,-0.246657126,,
55687,0.141858,8.12786469,44066,1.272425876,,
55716,0.151184,8.66220513,44095,1.806766316,,
55745,0.160643,9.204165908,44124,2.348727094,,
55774,0.17823,10.21182678,44153,3.356387968,,
55803,0.185691,10.63931059,44182,3.783871779,,
55832,0.179562,10.28814476,44211,3.432705947,,
55860,0.187556,10.74616722,44239,3.890728408,,
55889,0.189155,10.83778317,44268,3.98234436,,
55918,0.167305,9.585870391,44297,2.730431577,,
55946,0.15145,8.677445807,44325,1.822006993,,
55975,0.116011,6.646940677,44354,-0.208498137,,
56004,0.12627,7.234738079,44383,0.379299265,,
56032,0.107218,6.143138888,44411,-0.712299926,,
56061,0.088166,5.051539697,44440,-1.803899118,,
56089,0.09083,5.204175653,44468,-1.651263161,,
56118,0.071112,4.074417473,44497,-2.781021341,,
56147,0.059787,3.42554277,44526,-3.429896044,,
56176,0.06112,3.501918044,44555,-3.35352077,,
56205,0.072178,4.135494774,44584,-2.719944041,,
56233,0.065117,3.730929275,44612,-3.12450954,,
56262,0.045665,2.616411771,44641,-4.239027043,,
56291,0.09576,5.486643846,44670,-1.368794968,,
56320,0.102555,5.875968668,44699,-0.979470146,,
56348,0.118276,6.776715618,44727,-0.078723197,,
56377,0.145588,8.341577948,44756,1.486139134,,
56406,0.149052,8.540050528,44785,1.684611714,,
56435,0.159578,9.143145903,44814,2.287707089,,
56464,0.174899,10.02097454,44843,3.165535727,,
56492,0.188622,10.80724452,44871,3.951805709,,
56521,0.17783,10.18890847,44900,3.333469657,,
56550,0.179696,10.2958224,44929,3.440383581,,
56578,0.215135,12.32632753,44957,5.470888711,,
56607,0.160643,9.204165908,44986,2.348727094,,
56636,0.146254,8.379736937,45015,1.524298123,,
56664,0.145322,8.32633727,45043,1.470898456,,
56693,0.124138,7.112583477,45072,0.257144663,,
56722,0.106685,6.112600237,45101,-0.742838577,,
56750,0.094028,5.387407556,45129,-1.468031258,,
56765,0.097892,5.608798448,45144,-1.246640366,,
56793,0.084568,4.845389482,45172,-2.010049332,,
56822,0.066849,3.830165565,45201,-3.02527325,,
56850,0.064317,3.685092651,45229,-3.170346163,,
56879,0.046597,2.669811438,45258,-4.185627376,,
56908,0.073377,4.204192413,45287,-2.651246401,,
56937,0.07804,4.471362633,45316,-2.384076181,,
56965,0.09536,5.463725534,45344,-1.39171328,,
56994,0.10855,6.219456866,45373,-0.635981948,,
57023,0.116411,6.669858989,45402,-0.185579825,,
57052,0.131732,7.547687627,45431,0.692248813,,
57066,0.146521,8.39503491,45445,1.539596096,,
57095,0.157712,9.036231979,45474,2.180793164,,
57124,0.161176,9.234704559,45503,2.379265745,,
57153,0.173434,9.937036224,45532,3.08159741,,
57182,0.214602,12.29578888,45561,5.440350061,,
57210,0.171702,9.837799934,45589,2.98236112,,
57239,0.169303,9.700347359,45618,2.844908545,,
57267,0.173833,9.95989724,45646,3.104458426,,
57296,0.156247,8.952293662,45675,2.096854847,,
57325,0.138127,7.914094137,45704,1.058655323,,
57354,0.138527,7.937012449,45733,1.081573634,,
57382,0.123339,7.066804149,45761,0.211365335,,
57411,0.102821,5.891209345,45790,-0.964229469,,
57440,0.093095,5.333950594,45819,-1.52148822,,
57468,0.095094,5.448484857,45847,-1.406953957,,
57483,0.085901,4.921764756,45862,-1.933674058,,
57511,0.072977,4.181274102,45890,-2.674164713,,
57540,0.068048,3.898863204,45919,-2.95657561,,
57568,0.083636,4.791989815,45947,-2.063448999,,
57597,0.084169,4.822528466,45976,-2.032910348,,
57626,0.084702,4.853067116,46005,-2.002371698,,
57655,0.099357,5.692736765,46034,-1.162702049,,
57684,0.113879,6.524786075,46063,-0.330652739,,
57713,0.12134,6.952269886,46092,0.096831072,,
57742,0.131732,7.547687627,46121,0.692248813,,
57771,0.156247,8.952293662,46150,2.096854847,,
57799,0.157579,9.02861164,46178,2.173172826,,
57828,0.157179,9.005693328,46207,2.150254514,,
57843,0.164241,9.410316123,46222,2.554877309,,
57871,0.177431,10.16604745,46250,3.310608641,,
57900,0.166639,9.547711402,46279,2.692272588,,
57928,0.161576,9.257622871,46307,2.402184056,,
57957,0.162642,9.318700172,46336,2.463261357,,
57985,0.161443,9.250002532,46364,2.394563718,,
58014,0.139726,8.005710088,46393,1.150271274,,
58028,0.134663,7.715621557,46407,0.860182742,,
58057,0.121207,6.944649547,46436,0.089210733,,
58086,0.119209,6.83017258,46465,-0.025266234,,
58114,0.100556,5.761434405,46493,-1.09400441,,
58143,0.087633,5.021001046,46522,-1.834437768,,
58172,0.089098,5.104939363,46551,-1.750499451,,
58201,0.082037,4.700373864,46580,-2.15506495,,
58215,0.075509,4.326347015,46594,-2.529091799,,
58244,0.076175,4.364506004,46623,-2.49093281,,
58272,0.09163,5.250012277,46651,-1.605426537,,
58301,0.088432,5.066780374,46680,-1.78865844,,
58330,0.094561,5.417946207,46709,-1.437492608,,
58359,0.109749,6.288154506,46738,-0.567284308,,
58388,0.121074,6.937029209,46767,0.081590395,,
58417,0.127735,7.318676396,46796,0.463237582,,
58446,0.138127,7.914094137,46825,1.058655323,,
58474,0.161443,9.250002532,46853,2.394563718,,
58503,0.153849,8.814898382,46882,1.959459568,,
58532,0.158245,9.066770629,46911,2.211331815,,
58561,0.1737,9.952276901,46940,3.096838087,,
58589,0.162242,9.29578186,46968,2.440343046,,
58618,0.154914,8.875918387,46997,2.020479573,,
58647,0.155714,8.921755011,47026,2.066316197,,
58675,0.151717,8.69274378,47054,1.837304966,,
58704,0.133597,7.654544256,47083,0.799105441,,
58733,0.118676,6.799633929,47112,-0.055804885,,
58761,0.083236,4.769071504,47140,-2.086367311,,
58790,0.145322,8.32633727,47169,1.470898456,,
58804,0.096692,5.540043513,47183,-1.315395302,,
58833,0.090431,5.181314637,47212,-1.674124177,,
58862,0.0871,4.990462396,47241,-1.864976419,,
58890,0.092029,5.272873293,47269,-1.582565521,,
58919,0.081637,4.677455552,47298,-2.177983262,,
58948,0.081771,4.685133187,47327,-2.170305628,,
58976,0.100423,5.753814066,47355,-1.101624748,,
59005,0.105752,6.059143275,47384,-0.796295539,,
59034,0.101888,5.837752383,47413,-1.017686431,,
59049,0.107218,6.143138888,47428,-0.712299926,,
59077,0.132798,7.608764928,47456,0.753326114,,
59106,0.133597,7.654544256,47485,0.799105441,,
59135,0.136928,7.845396497,47514,0.989957683,,
59163,0.158378,9.074390968,47542,2.218952153,,
59192,0.16011,9.173627258,47571,2.318188444,,
59221,0.155714,8.921755011,47600,2.066316197,,
59250,0.160244,9.181304892,47629,2.325866078,,
59278,0.169037,9.685106682,47657,2.829667867,,
59307,0.152516,8.738523108,47686,1.883084294,,
59336,0.144789,8.29579862,47715,1.440359806,,
59350,0.13866,7.944632787,47729,1.089193973,,
59379,0.115078,6.593483715,47758,-0.261955099,,
59407,0.124804,7.150742466,47786,0.295303652,,
59436,0.114812,6.578243037,47815,-0.277195777,,
59465,0.106951,6.127840915,47844,-0.7275979,,
59493,0.108017,6.188918216,47872,-0.666520599,,
59522,0.089098,5.104939363,47901,-1.750499451,,
59536,0.085101,4.875928132,47915,-1.979510682,,
59565,0.084568,4.845389482,47944,-2.010049332,,
59594,0.100023,5.730895754,47973,-1.12454306,,
59622,0.083236,4.769071504,48001,-2.086367311,,
59651,0.089898,5.150775987,48030,-1.704662828,,
59680,0.105086,6.020984286,48059,-0.834454528,,
59709,0.111081,6.364472484,48088,-0.49096633,,
59737,0.114146,6.540084048,48116,-0.315354766,,
59766,0.127336,7.29581538,48145,0.440376566,,
59795,0.14319,8.204182668,48174,1.348743854,,
59824,0.136662,7.83015582,48203,0.974717006,,
59853,0.146654,8.402655249,48232,1.547216434,,
59881,0.162242,9.29578186,48260,2.440343046,,
59910,0.152916,8.76144142,48289,1.906002606,,
59939,0.153316,8.784359732,48318,1.928920918,,
59954,0.159711,9.150766242,48333,2.295327428,,
59982,0.160377,9.188925231,48361,2.333486417,,
60011,0.142124,8.143105368,48390,1.287666553,,
60040,0.132665,7.601144589,48419,0.745705775,,
60068,0.14359,8.22710098,48447,1.371662166,,
60097,0.130933,7.501908299,48476,0.646469485,,
60126,0.111881,6.410309108,48505,-0.445129707,,
60154,0.102421,5.868291034,48533,-0.987147781,,
60183,0.112947,6.471386409,48562,-0.384052406,,
60197,0.105352,6.036224963,48576,-0.819213851,,
60226,0.089498,5.127857675,48605,-1.727581139,,
60255,0.0863,4.944625772,48634,-1.910813042,,
60283,0.10482,6.005743609,48662,-0.849695206,,
60312,0.093095,5.333950594,48691,-1.52148822,,
60341,0.092829,5.318709916,48720,-1.536728898,,
60370,0.079506,4.555358246,48749,-2.300080568,,
60399,0.146254,8.379736937,48778,1.524298123,,
60428,0.117876,6.753797306,48807,-0.101641508,,
60456,0.129334,7.410292348,48835,0.554853533,,
60485,0.141858,8.12786469,48864,1.272425876,,
60514,0.139993,8.021008061,48893,1.165569247,,
60543,0.143856,8.242341658,48922,1.386902843,,
60572,0.157712,9.036231979,48951,2.180793164,,
60600,0.151717,8.69274378,48979,1.837304966,,
60629,0.144389,8.272880308,49008,1.417441494,,
60658,0.115744,6.631642704,49037,-0.22379611,,
60687,0.153182,8.776682097,49066,1.921243283,,
60716,0.136129,7.799617169,49095,0.944178355,,
60744,0.125337,7.181281117,49123,0.325842303,,
60773,0.127202,7.288137746,49152,0.432698931,,
60802,0.124005,7.104963139,49181,0.249524324,,
60830,0.109349,6.265236194,49209,-0.59020262,,
60859,0.09616,5.509562158,49238,-1.345876656,,
60888,0.106685,6.112600237,49267,-0.742838577,,
60916,0.096559,5.532423174,49295,-1.32301564,,
60945,0.092829,5.318709916,49324,-1.536728898,,
60973,0.093628,5.364489244,49352,-1.49094957,,
61002,0.109616,6.280534167,49381,-0.574904647,,
61031,0.097625,5.593500475,49410,-1.261938339,,
61059,0.110149,6.311072818,49438,-0.544365997,,
61088,0.126137,7.22711774,49467,0.371678926,,
61117,0.120541,6.906490558,49496,0.051051744,,
61145,0.124005,7.104963139,49524,0.249524324,,
61160,0.129601,7.425590321,49539,0.570151506,,
61188,0.150251,8.608748168,49567,1.753309353,,
61217,0.142124,8.143105368,49596,1.287666553,,
61246,0.141858,8.12786469,49625,1.272425876,,
61274,0.14732,8.440814238,49653,1.585375424,,
61303,0.155314,8.898836699,49682,2.043397885,,
