Timestamp,u,Desired velocity,x,dx,theta,dtheta,degrees,dx filtered,
203161,0.034183,0,0.035848,0.00001,0.021281,-0.013835,1.219311484,0,69.86140193
203181,-0.016752,0,0.035949,0.00847,0.02134,-0.013835,1.222691935,0,70.05508751
203201,0.112558,0,0.035814,-0.012128,0.021396,-0.012771,1.225900498,0,70.23892466
203221,-0.214993,0,0.03605,-0.020195,0.021439,-0.010642,1.228364217,0,70.38008534
203241,0.021059,0,0.035444,0.076211,0.021469,-0.009578,1.23008309,0,70.47856953
203261,0.607984,0,0.034939,-0.135521,0.021458,-0.002128,1.229452837,0,70.44245866
203281,0.068927,0,0.035377,-0.014054,0.021457,-0.002128,1.229395541,0,70.43917585
203301,-0.24668,0,0.035949,0.025406,0.021442,-0.005321,1.228536104,0,70.38993376
203321,-0.357822,0,0.035848,0.05929,0.021438,-0.010642,1.228306921,0,70.37680253
203341,-0.2876,0,0.035444,0.076211,0.021463,-0.011706,1.229739316,0,70.45887269
203361,-0.287693,0,0.035511,0.076211,0.021489,-0.011706,1.231229006,0,70.54422566
203381,-0.253991,0,0.03504,0,0.021526,-0.012771,1.23334895,0,70.66568949
203401,-0.422939,0,0.035208,0.0762,0.021571,-0.013835,1.23592726,0,70.81341578
203421,-0.285736,0,0.035309,0.076222,0.021608,-0.012771,1.238047204,0,70.93487961
203441,-0.49366,0,0.035612,0.059284,0.021644,-0.013835,1.240109852,0,71.05306064
203461,-0.224865,0,0.035478,0,0.021718,-0.02022,1.244349739,0,71.29598831
203481,0.161481,0,0.035343,0.027033,0.021845,-0.025541,1.251626303,0,71.71290472
203501,0.452271,0,0.035478,-0.067743,0.022027,-0.029798,1.262054135,0,72.31037547
203521,0.196801,0,0.035915,-0.076211,0.022274,-0.038312,1.276206193,0.012352421,73.12122864
203541,0.088917,0,0.03605,0.00288,0.022573,-0.044697,1.293337631,0.012503474,74.10278774
203561,0.344009,0,0.035612,-0.067754,0.02292,-0.052147,1.313219266,0.008491684,75.24192154
203581,-0.069834,0,0.035511,-0.079484,0.023309,-0.053211,1.335507325,0.004946632,76.51893321
203601,-0.167254,0,0.034771,0.08469,0.023689,-0.05534,1.357279721,0.010466895,77.76639963
203621,1.059047,0,0.032684,-0.186294,0.023989,-0.042569,1.374468455,-0.003349158,78.75124153
203641,-0.913273,0,0.034266,0.16089,0.02428,-0.036184,1.391141527,0.012251421,79.70653818
203661,0.522348,0,0.033593,-0.050807,0.024446,-0.028734,1.400652626,0.010317053,80.25148403
203681,0.196625,0,0.033694,0.02714,0.024588,-0.017028,1.408788627,0.010408316,80.71764253
203701,0.329376,0,0.033189,-0.093166,0.024648,-0.012771,1.412226373,0.002384316,80.91461092
203721,-0.20002,0,0.033525,-0.072723,0.024658,-0.005321,1.412799331,-0.005454316,80.94743898
203741,0.65817,0,0.031876,0.062544,0.024671,-0.012771,1.413544176,-0.006173632,80.99011546
203761,-0.327873,0,0.034098,-0.033863,0.024654,-0.002128,1.412570148,-0.007955895,80.93430775
203781,0.344938,0,0.032482,0.059275,0.024657,-0.011706,1.412742035,-0.008846684,80.94415617
203801,-0.316794,0,0.033862,-0.040493,0.024608,0.004257,1.409934542,-0.014989579,80.78329866
203821,0.465355,0,0.032011,0.050818,0.024546,-0.004257,1.406382204,-0.015435158,80.57976467
203841,-0.388974,0,0.033492,-0.04224,0.024434,0.009578,1.399965077,-0.017658316,80.21209036
203861,0.464861,0,0.031371,0.000362,0.02436,-0.005321,1.395725189,-0.019062053,79.96916269
203881,0.098454,0,0.032717,-0.003054,0.024289,0.004257,1.391657189,-0.015657368,79.73608344
203901,-0.407737,0,0.033795,0.084688,0.024254,-0.00745,1.389651836,-0.007189,79.62118521
203921,-0.419016,0,0.034333,0.076211,0.024225,-0.009578,1.387990259,-0.003329474,79.52598383
203941,-0.129319,0,0.034501,0.059269,0.024248,-0.014899,1.389308062,0.003355947,79.60148838
203961,0.103159,0,0.034737,0.059286,0.024306,-0.015963,1.392631217,0.010659632,79.79189114
203981,0.401896,0,0.034838,-0.076211,0.024382,-0.015963,1.396985696,0.002191158,80.04138443
204001,-0.866201,0,0.036656,0.135499,0.024485,-0.021285,1.402887161,0.019127632,80.37951348
204021,1.363389,0,0.034266,-0.194785,0.024581,-0.025541,1.408387556,0.000407895,80.69466289
204041,-0.730484,0,0.03541,0.143974,0.024747,-0.028734,1.417898656,0.010659526,81.23960874
204061,0.383203,0,0.034973,-0.025404,0.024877,-0.028734,1.425347107,0.007894053,81.66637357
204081,0.247,0,0.035343,-0.059275,0.025065,-0.028734,1.436118713,0.009677789,82.28354116
204101,-0.077926,0,0.035511,-0.04397,0.025289,-0.038312,1.448952968,0.011191105,83.01888979
204121,-0.306477,0,0.035612,0.050795,0.02552,-0.039376,1.462188293,0.010572737,83.77721805
204141,-0.10033,0,0.035107,0.053511,0.025693,-0.026606,1.472100463,0.015171368,84.34514355
204161,0.049467,0,0.035242,-0.000957,0.02578,-0.013835,1.477085196,0.012001263,84.6307477
204181,-0.031613,0,0.035646,0.025222,0.025829,-0.009578,1.479892689,0.015459947,84.79160521
204201,0.058446,0,0.035982,0.04234,0.025842,-0.010642,1.480637534,0.015013737,84.8342817
204221,0.424087,0,0.036016,-0.033876,0.02588,-0.014899,1.482814774,0.015453947,84.95902834
204241,0.232688,0,0.036588,-0.025404,0.025986,-0.023413,1.488888126,0.014097842,85.30700581
204261,0.109624,0,0.036925,-0.025427,0.026159,-0.032991,1.498800296,0.012920316,85.87493131
204281,-0.348811,0,0.0378,0.059297,0.026414,-0.041505,1.51341072,0.011583947,86.71204693
204301,-0.11481,0,0.037463,0.076192,0.02671,-0.046826,1.530370271,0.011582947,87.68375761
204321,-0.050529,0,0.037766,0.042344,0.027035,-0.048954,1.548991399,0.010692158,88.75066967
204341,0.437669,0,0.037228,-0.042346,0.027344,-0.045762,1.566695795,0.005343105,89.76505683
204361,0.392542,0,0.037262,-0.093124,0.027603,-0.037248,1.581535402,0.004452947,90.61530368
204381,0.316424,0,0.037598,-0.044869,0.027779,-0.02767,1.591619459,-0.005040105,91.1930776
204401,-0.103011,0,0.038507,-0.02541,0.027868,-0.015963,1.596718783,0.003874368,91.48524736
204421,-0.347583,0,0.038945,0.084722,0.02793,-0.02022,1.600271122,0.000755842,91.68878136
204441,-0.178266,0,0.039214,0.067752,0.028012,-0.019156,1.604969376,0.005658789,91.95797148
204461,0.42405,0,0.038541,-0.033872,0.028121,-0.023413,1.611214616,0.006995789,92.31579737
204481,0.249732,0,0.039146,-0.042344,0.028279,-0.024477,1.620267349,0.007081368,92.83448077
204501,0.238931,0,0.038743,-0.186294,0.028452,-0.032991,1.630179519,-0.005397,93.40240627
204521,0.277917,0,0.038877,-0.000002,0.028638,-0.031927,1.640836534,-0.008213474,94.01300825
204541,0.04884,0,0.039584,-0.011546,0.028804,-0.026606,1.650347633,-0.008770789,94.55795411
204561,-0.208969,0,0.039954,0.008468,0.028923,-0.021285,1.657165831,-0.009652579,94.94860806
204581,-0.360468,0,0.040459,0.09317,0.02899,-0.013835,1.661004648,-0.006977316,95.16855609
204601,-0.277593,0,0.040998,0.127051,0.028988,-0.005321,1.660890057,0.001492526,95.16199047
204621,0.536431,0,0.041031,0.02356,0.02892,0.004257,1.656993944,0.004069579,94.93875964
204641,0.033333,0,0.042479,-0.008646,0.028814,0.008514,1.650920591,0.004952789,94.59078217
204661,-0.168333,0,0.043085,0.067756,0.028705,0.002128,1.644675351,0.005398,94.23295628
204681,-0.121641,0,0.043691,0.076211,0.028581,0.008514,1.637570674,0.005399,93.82588829
204701,0.335966,0,0.043657,-0.0027,0.028433,0.015963,1.629090899,0.003028263,93.34003295
204721,-0.161373,0,0.044869,0.02541,0.028216,0.026606,1.616657715,0.006594368,92.62766397
204741,-0.3176,0,0.04534,0.076205,0.027883,0.036184,1.59757822,0.015506421,91.53448946
204766,0.292826,0,0.044801,-0.017555,0.02768,0.036184,1.585947177,0.016944,90.86807977
204786,0.173322,0,0.046148,0.000001,0.02768,0.036184,1.585947177,0.018281421,90.86807977
204811,0.995566,0,0.044936,-0.113486,0.025261,0.111744,1.447348686,0.007849421,82.92697121
204831,0.03021,0,0.04497,0.110083,0.024799,0.109615,1.420878036,0.010077368,81.41031467
204851,0.432539,0,0.045071,-0.093147,0.023845,0.111744,1.366217862,0.006957632,78.27851742
204871,0.064739,0,0.045878,0.033872,0.023058,0.086202,1.321126084,0.010969,75.69494882
204891,0.254018,0,0.046114,-0.016758,0.022359,0.073432,1.281076334,0.019891947,73.40026718
204911,-0.202521,0,0.046888,-0.038875,0.021747,0.069175,1.246011317,0.017846,71.39118969
204931,0.396788,0,0.045845,0.082852,0.021133,0.06811,1.210831708,0.022814316,69.37554659
204951,-0.296101,0,0.047595,-0.04235,0.020491,0.077688,1.174047818,0.020139684,67.26798492
204971,0.268571,0,0.046181,0.07623,0.019834,0.071303,1.136404491,0.019248105,65.11118115
204991,0.121051,0,0.04746,-0.025593,0.019084,0.094716,1.093432656,0.011214211,62.64907638
205011,-0.068436,0,0.047932,0.022344,0.018334,0.078753,1.050460822,0.011150211,60.18697162
205031,-0.142875,0,0.048201,0.04234,0.017649,0.073432,1.011213213,0.013833684,57.93824927
205051,-0.146953,0,0.048235,0.093132,0.017032,0.070239,0.975861717,0.015169263,55.91275775
205071,0.316747,0,0.047528,-0.069372,0.016389,0.074496,0.93902053,0.007507,53.80191327
205091,0.119949,0,0.048066,-0.067752,0.015791,0.067046,0.904757654,0.004083211,51.83879507
205111,-0.698147,0,0.049413,0.152405,0.015252,0.05534,0.873875229,0.010767158,50.06936245
205151,-0.872597,0,0.048538,0.143971,0.014304,0.057468,0.81955883,0.014333789,46.95726203
205171,0.600664,0,0.047359,-0.101628,0.013724,0.06811,0.786327278,0.009908895,45.05323435
205191,-0.904572,0,0.049177,0.127019,0.013156,0.071303,0.753783275,0.016594053,43.18860034
205211,0.714495,0,0.047696,-0.118531,0.012518,0.074496,0.717228568,0.016328526,41.09416989
205231,-1.159432,0,0.049985,0.186247,0.011907,0.076624,0.682220847,0.020337158,39.08837521
205251,0.720466,0,0.048807,-0.143971,0.011245,0.078753,0.644291041,0.017662211,36.91515741
205271,-0.955158,0,0.050288,0.152422,0.010643,0.07556,0.609798981,0.023901684,34.93890798
205291,0.701581,0,0.048908,-0.12704,0.009955,0.081945,0.570379485,0.018097368,32.68033721
205311,-0.588855,0,0.049615,0.084679,0.009357,0.06811,0.536116609,0.024600211,30.71721902
205331,0.288066,0,0.048504,-0.042344,0.008818,0.05534,0.505234184,0.018010947,28.94778639
205351,0.222066,0,0.048268,-0.050795,0.008438,0.043633,0.483461788,0.017566474,27.70031998
205371,0.661848,0,0.047292,-0.042352,0.008132,0.02767,0.465929279,0.011325316,26.69578124
205391,-0.022224,0,0.047023,-0.10164,0.007892,0.025541,0.452178292,0.007322842,25.90790771
205411,-0.528502,0,0.046585,0.016936,0.00767,0.023413,0.439458629,0.007038211,25.1791247
205431,-0.200391,0,0.04571,-0.002883,0.007412,0.032991,0.424676318,0.004658053,24.33216067
205451,-0.094252,0,0.044397,-0.01971,0.006926,0.040441,0.396830569,-0.001281,22.73671678
205471,0.196258,0,0.043792,-0.065694,0.00653,0.046826,0.37414144,-0.001087421,21.43672547
205491,0.317191,0,0.043253,-0.087599,0.006178,0.042569,0.353973326,-0.002132,20.28117763
205531,-0.204771,0,0.041907,-0.008292,0.00567,0.022349,0.32486707,-0.010589737,18.613512
205551,-0.384056,0,0.040829,0.01676,0.005559,0.006385,0.318507238,-0.017285053,18.2491205
205571,-0.213612,0,0.040055,-0.011171,0.005502,0.004257,0.315241379,-0.012524158,18.06200054
205591,-0.132158,0,0.039046,-0.022343,0.005452,0.006385,0.31237659,-0.020385316,17.89786022
205611,-0.692246,0,0.038743,0.07261,0.005363,0.011706,0.307277266,-0.010325263,17.60569046
205631,0.319762,0,0.0378,-0.094951,0.005254,0.008514,0.301032026,-0.025125158,17.24786456
205651,-0.229001,0,0.038305,-0.005586,0.005178,0.00745,0.296677546,-0.017841737,16.99837128
205671,0.017661,0,0.035848,-0.05028,0.00522,-0.013835,0.299083969,-0.028510263,17.13624915
205691,0.21694,0,0.03541,-0.084991,0.005336,-0.021285,0.305730279,-0.026297158,17.51705468
205711,-0.104152,0,0.034434,-0.034656,0.005578,-0.035119,0.319595858,-0.032577947,18.31149382
205731,-0.147767,0,0.033155,-0.027931,0.005886,-0.044697,0.337242958,-0.031819368,19.32259818
205751,-0.103011,0,0.03228,-0.033515,0.006244,-0.046826,0.357754847,-0.030909895,20.49784285
205771,-0.056152,0,0.031236,-0.0391,0.006623,-0.048954,0.379469948,-0.030738737,21.74202646
205791,-0.044113,0,0.030328,-0.039097,0.007016,-0.051083,0.401987189,-0.027447,23.03216935
205811,0.273924,0,0.029217,-0.089373,0.007424,-0.053211,0.425363867,-0.033042211,24.37155434
205831,0.226807,0,0.028948,-0.078201,0.007822,-0.048954,0.448167587,-0.037006316,25.67811127
205851,-0.475433,0,0.029082,0.0391,0.008203,-0.048954,0.469997279,-0.033911053,26.92886049
205871,-0.293544,0,0.028005,0.011173,0.00857,-0.051083,0.49102483,-0.029865421,28.13365042
205891,-0.450314,0,0.027567,0.039102,0.008948,-0.051083,0.512682635,-0.023196947,29.37455122
205911,0.028031,0,0.026659,-0.039651,0.009359,-0.057468,0.5362312,-0.024847421,30.72378463
205931,0.268916,0,0.026962,-0.078195,0.009794,-0.056404,0.561154865,-0.029845053,32.15180539
205951,0.184901,0,0.026356,-0.061438,0.010231,-0.05534,0.58619312,-0.032490684,33.58639177
205971,-0.067532,0,0.025918,-0.016757,0.010641,-0.053211,0.60968439,-0.032196684,34.93234237
205991,-0.225742,0,0.025413,0.011171,0.011036,-0.054275,0.632316223,-0.035430316,36.22905088
206011,-0.04544,0,0.024605,-0.01676,0.011456,-0.056404,0.65638045,-0.031315,37.60782955
206031,0.734699,0,0.023629,-0.145206,0.011917,-0.062789,0.682793804,-0.038663421,39.12120327
206051,-0.959354,0,0.024168,0.134044,0.012427,-0.06811,0.712014652,-0.028962158,40.79543451
206071,0.698483,0,0.023966,-0.139645,0.012931,-0.071303,0.740891725,-0.031838684,42.44996891
206091,-0.32908,0,0.023495,0.033517,0.013492,-0.070239,0.773034657,-0.028250632,44.29162327
206111,0.28242,0,0.022317,-0.064861,0.014012,-0.072367,0.802828463,-0.030194316,45.99868258
206131,-0.293486,0,0.02437,0.033518,0.014495,-0.059597,0.830502324,-0.026666263,47.58427804
206151,0.284132,0,0.022081,-0.06145,0.015013,-0.072367,0.860181538,-0.027842579,49.28477173
206171,-0.584401,0,0.023764,0.084481,0.015527,-0.063854,0.889631568,-0.021338474,50.9721342
206191,0.277104,0,0.021273,-0.055867,0.016069,-0.073432,0.920685881,-0.019575,52.75141524
206211,-0.137564,0,0.022788,0.016755,0.016565,-0.060661,0.949104588,-0.014577316,54.37968719
206231,-0.231454,0,0.021812,0.033515,0.017054,-0.065982,0.977122224,-0.014871263,55.98497949
206251,0.100871,0,0.021744,-0.016758,0.017481,-0.057468,1.001587522,-0.016341316,57.3867378
206271,0.220221,0,0.02198,-0.033517,0.017898,-0.052147,1.025479862,-0.020163368,58.75566805
206291,0.139115,0,0.022014,-0.022346,0.01833,-0.061725,1.050231638,-0.019252579,60.1738404
206311,0.167799,0,0.022014,-0.027929,0.01881,-0.06811,1.077733613,-0.016607,61.74958744
206331,0.227304,0,0.02198,-0.0391,0.019371,-0.076624,1.109876545,-0.015431316,63.59124181
206351,0.37412,0,0.021946,-0.061449,0.019947,-0.076624,1.142878914,-0.017783526,65.48213826
206371,-0.242046,0,0.022148,0.042158,0.020531,-0.076624,1.176339649,-0.016152632,67.39929717
206391,-0.100297,0,0.020835,0.022338,0.0211,-0.077688,1.208940948,-0.014094842,69.26721399
206411,0.116045,0,0.021004,-0.00684,0.021608,-0.063854,1.238047204,-0.006812421,70.93487961
206431,0.475109,0,0.021374,-0.061454,0.022036,-0.053211,1.262569797,-0.017101789,72.33992073
206451,-0.15022,0,0.02198,0.044686,0.022397,-0.046826,1.283253574,-0.007400158,73.52501382
206471,-0.342095,0,0.022014,0.078207,0.022701,-0.044697,1.300671491,-0.005048053,74.52298695
206491,0.079538,0,0.022182,0.010989,0.022959,-0.039376,1.315453802,-0.001055947,75.36995099
206511,0.425887,0,0.023326,-0.044694,0.02318,-0.031927,1.328116169,-0.005172368,76.09545119
206531,0.187141,0,0.023798,-0.005586,0.023412,-0.032991,1.34140879,-0.002232158,76.85706227
206551,-0.042235,0,0.023899,0.033693,0.023613,-0.030863,1.352925242,-0.004905211,77.51690634
206571,-0.056996,0,0.024101,0.0391,0.023757,-0.023413,1.361175834,9.30526E-05,77.98963046
206591,0.322574,0,0.024269,-0.02012,0.023839,-0.013835,1.365874088,-0.001847737,78.25882058
206611,0.26399,0,0.025312,-0.011173,0.02389,-0.011706,1.368796173,-0.004199737,78.4262437
206631,0.06471,0,0.026019,0.022347,0.023916,-0.00745,1.370285863,-0.002141579,78.51159667
206651,-0.286928,0,0.02676,0.078194,0.023935,-0.010642,1.371374483,0.003737947,78.57396999
206671,-0.087395,0,0.026861,0.044686,0.023965,-0.011706,1.373093356,0.007265947,78.67245418
206691,0.366797,0,0.027265,-0.03029,0.02399,-0.009578,1.374525751,0.007141684,78.75452434
206711,-0.149009,0,0.027702,0.053328,0.024037,-0.012771,1.377218652,0.012006316,78.90881624
206731,-0.233218,0,0.027466,0.067036,0.024092,-0.014899,1.38036992,0.018768684,79.08937058
206751,0.722355,0,0.026962,-0.089365,0.024142,-0.012771,1.383234709,0.011846421,79.2535109
206771,0.017732,0,0.027635,0.027931,0.024183,-0.008514,1.385583836,0.012140789,79.38810596
206791,-0.256332,0,0.028274,0.072627,0.024177,-0.00745,1.385240061,0.016323263,79.36840912
206811,-0.221112,0,0.028611,0.067025,0.02417,-0.005321,1.384838991,0.023085316,79.34542948
206831,-0.151629,0,0.029082,0.055857,0.024142,-0.002128,1.383234709,0.023673263,79.2535109
206851,0.108193,0,0.029553,0.011164,0.024115,-0.004257,1.381687723,0.020144684,79.16487513
206871,-0.201225,0,0.030328,0.061444,0.024094,-0.003193,1.380484512,0.022800211,79.0959362
206891,-0.243696,0,0.030462,0.067023,0.024088,-0.006385,1.380140737,0.028680053,79.07623936
206911,-0.224766,0,0.03053,0.061444,0.024114,-0.012771,1.381630427,0.032207947,79.16159232
206931,1.33174,0,0.02925,-0.195535,0.024179,-0.017028,1.385354653,0.020143316,79.37497474
206951,-0.8638,0,0.029452,0.167573,0.024284,-0.018092,1.39137071,0.026905053,79.7196694
206971,0.45451,0,0.029789,-0.05028,0.024333,-0.015963,1.394178203,0.025317684,79.88052691
206991,-0.05006,0,0.030429,0.034037,0.024401,-0.011706,1.398074316,0.027697158,80.10375775
207011,-0.200044,0,0.029755,0.055858,0.024495,-0.023413,1.403460119,0.029460895,80.41234154
207031,1.05073,0,0.029217,-0.149883,0.024631,-0.023413,1.411252345,0.017456842,80.85880321
207051,-0.834968,0,0.029318,0.161947,0.024813,-0.025541,1.421680177,0.023628474,81.45627396
207071,0.046583,0,0.030025,0.019121,0.024893,-0.014899,1.426263839,0.026229053,81.71889847
207091,0.603283,0,0.031001,-0.067041,0.024882,0.005321,1.425633586,0.019893842,81.6827876
207111,0.033824,0,0.031607,0.027925,0.024782,0.010642,1.419904008,0.017835368,81.35450697
207131,-0.336388,0,0.032381,0.089373,0.024606,0.015963,1.409819951,0.027242632,80.77673305
207151,1.580836,0,0.031068,-0.223412,0.024375,0.024477,1.396584626,0.014014053,80.01840478
207171,-0.585665,0,0.030664,0.134048,0.024166,0.021285,1.384609808,0.017246737,79.33229825
207191,-0.02777,0,0.03127,0.0391,0.023932,0.019156,1.371202595,0.015777,78.56412157
207211,0.207731,0,0.031809,-0.002521,0.023772,0.015963,1.362035271,0.012704474,78.03887255
207231,0.494179,0,0.032179,-0.050278,0.023613,0.018092,1.352925242,0.009470684,77.51690634
207251,-0.949143,0,0.033391,0.189934,0.023378,0.028734,1.339460733,0.016233316,76.74544685
207271,1.01213,0,0.033391,-0.128473,0.022968,0.048954,1.315969464,0.005944053,75.39949625
207291,-0.422742,0,0.034232,0.111716,0.022476,0.063854,1.28777994,0.008589947,73.78435552
207311,-0.062734,0,0.034535,0.055862,0.02181,0.080881,1.249620951,0.021821368,71.59800649
207331,0.411801,0,0.035377,-0.016757,0.020979,0.107487,1.202008158,0.012119789,68.86999442
207351,-0.404768,0,0.036723,0.111697,0.020102,0.10323,1.15175976,0.020644895,65.99097325
207371,-0.162557,0,0.036891,0.061438,0.019308,0.084074,1.106266911,0.022087053,63.38442501
207391,0.184346,0,0.037329,-0.002882,0.018663,0.073432,1.069311133,0.018995474,61.26701491
207411,-0.073092,0,0.03817,0.036744,0.018055,0.074496,1.034475299,0.028817947,59.27106865
207431,-0.351771,0,0.037733,0.083792,0.017379,0.080881,0.995743352,0.024704526,57.05189156
207451,0.195463,0,0.037564,-0.003063,0.016597,0.096844,0.950938053,0.023536947,54.48473699
207471,-0.100088,0,0.039113,0.042167,0.015764,0.101101,0.903210668,0.029284737,51.7501593
207491,-0.139395,0,0.038406,0.044694,0.014936,0.094716,0.855769763,0.030167316,49.03199564
207531,0.175498,0,0.039113,-0.014535,0.013264,0.093652,0.759971219,0.024698474,43.54314343
207551,-0.146716,0,0.039719,0.030989,0.012542,0.081945,0.718603667,0.038088,41.17295724
207571,-0.190527,0,0.038675,0.033509,0.011929,0.070239,0.683481354,0.032796474,39.16059695
207591,0.719253,0,0.037867,-0.117292,0.011348,0.071303,0.650192506,0.024565316,37.25328646
207611,-0.991981,0,0.038473,0.161971,0.010791,0.06811,0.618278757,0.033222789,35.42476332
207631,0.829354,0,0.038642,-0.145241,0.010258,0.058532,0.587740106,0.028224737,33.67502754
207651,-0.551224,0,0.038507,0.078195,0.009856,0.04789,0.564707203,0.022343737,32.35533939
207671,0.600213,0,0.037464,-0.111716,0.00943,0.048954,0.540299201,0.023225684,30.95686388
207691,0.204217,0,0.037194,-0.044694,0.009004,0.05534,0.515891199,0.014993579,29.55838838
207711,0.343721,0,0.036757,-0.070544,0.008561,0.050019,0.490509168,0.008340632,28.10410516
207731,0.08293,0,0.036521,-0.027924,0.008152,0.051083,0.467075195,0.007752895,26.76143737
207751,-0.57781,0,0.036723,0.078214,0.007756,0.046826,0.444386066,0.005990632,25.46144605
207791,0.945811,0,0.034872,-0.173188,0.006964,0.04789,0.399007809,-0.006358105,22.86146342
207811,0.044111,0,0.034703,-0.027934,0.006635,0.039376,0.380157497,-0.007676632,21.78142013
207831,-0.218999,0,0.034333,0.010096,0.006361,0.025541,0.364458453,-0.009079158,20.88193119
207851,-0.101785,0,0.033626,-0.011173,0.006175,0.019156,0.353801438,-0.014077316,20.27132921
207871,0.202484,0,0.033054,-0.061438,0.006044,0.018092,0.346295691,-0.017149684,19.84128158
207891,0.270265,0,0.032751,-0.072615,0.005906,0.018092,0.338388874,-0.023190842,19.3882543
207911,-0.923813,0,0.033559,0.124363,0.005728,0.021285,0.328190225,-0.018997737,18.80391477
207931,0.70751,0,0.033525,-0.145218,0.005497,0.024477,0.3149549,-0.025875789,18.04558651
207951,-0.413406,0,0.032987,0.040252,0.005315,0.023413,0.304527068,-0.025388263,17.44811575
207971,-0.204578,0,0.032112,0.005588,0.005094,0.021285,0.291864701,-0.026857789,16.72261555
207991,-0.002794,0,0.031607,-0.027924,0.004931,0.02022,0.282525489,-0.022154211,16.18751811
208011,0.220737,0,0.030967,-0.067035,0.004829,0.012771,0.276681319,-0.034207158,15.85267186
208031,0.10597,0,0.030732,-0.050277,0.004764,0.006385,0.272957094,-0.029209053,15.63928945
208051,-0.21847,0,0.030126,0.002708,0.004727,0.002128,0.27083715,-0.033182053,15.51782562
208071,-0.389257,0,0.029486,0.033511,0.004683,0.006385,0.268316135,-0.025538526,15.37338214
208091,0.250193,0,0.028611,-0.072603,0.004659,0.002128,0.266941037,-0.027007421,15.29459478
208111,0.083043,0,0.028712,-0.044683,0.004662,0.003193,0.267112924,-0.025646316,15.3044432
208131,-0.056134,0,0.02814,-0.022344,0.00465,-0.001064,0.266425375,-0.025352632,15.26504953
208151,0.188779,0,0.0275,-0.061451,0.004644,0,0.2660816,-0.032703421,15.24535269
208171,-1.086305,0,0.028308,0.14523,0.004686,-0.008514,0.268488023,-0.015944579,15.38323056
208191,0.737266,0,0.027769,-0.156402,0.004746,-0.010642,0.27192577,-0.022706053,15.58019894
208211,-0.581545,0,0.02713,0.061444,0.004884,-0.015963,0.279832587,-0.020003526,16.03322621
208231,-0.124216,0,0.026389,-0.011172,0.004964,-0.011706,0.28441625,-0.020003474,16.29585072
208251,0.267529,0,0.025481,-0.072627,0.00505,-0.00745,0.289343687,-0.020592368,16.57817207
208271,0.133222,0,0.025548,-0.050284,0.005117,-0.00745,0.293182504,-0.019417053,16.79812009
208291,-0.099392,0,0.025009,-0.013461,0.00519,-0.014899,0.297365096,-0.026670947,17.03776496
208311,-0.456764,0,0.024639,0.044686,0.005306,-0.02022,0.304011406,-0.016676,17.41857049
208331,0.092034,0,0.024033,-0.047737,0.005506,-0.028734,0.315470562,-0.021307,18.07513176
208351,0.131293,0,0.024,-0.054861,0.005788,-0.032991,0.331627972,-0.024488526,19.00088315
208371,-0.392657,0,0.023326,0.033517,0.006067,-0.034055,0.347613494,-0.021254789,19.91678613
208391,-0.258653,0,0.022182,0.016755,0.006281,-0.026606,0.359874791,-0.016844789,20.61930668
208411,-0.088488,0,0.021778,-0.011173,0.006519,-0.029798,0.373511187,-0.014786684,21.4006146
208431,0.369364,0,0.020936,-0.089387,0.006832,-0.042569,0.391444766,-0.019633789,22.42813298
208451,0.196332,0,0.021004,-0.067012,0.007287,-0.062789,0.417514345,-0.024924474,23.92180987
208471,-0.323725,0,0.020701,0.014237,0.007863,-0.081945,0.450516714,-0.020353947,25.81270633
208491,0.091217,0,0.018513,-0.050272,0.008524,-0.086202,0.488389225,-0.020648105,27.98264133
208511,0.262815,0,0.01858,-0.072624,0.009171,-0.07556,0.525459594,-0.023294421,30.10661704
208531,-1.07741,0,0.019523,0.150826,0.009749,-0.072367,0.558576554,-0.012121947,32.00407911
208551,0.694888,0,0.019624,-0.134049,0.010192,-0.053211,0.583958585,-0.026820842,33.45836232
208571,-0.544678,0,0.019388,0.072603,0.010628,-0.054275,0.608939545,-0.014767947,34.88966589
208591,-0.20125,0,0.019085,0.016756,0.011027,-0.056404,0.631800561,-0.017119947,36.19950562
208611,0.084046,0,0.018446,-0.028294,0.011489,-0.057468,0.658271211,-0.018021105,37.71616216
208631,-0.220652,0,0.018715,-0.06987,0.011998,-0.065982,0.687434763,-0.017876,39.38711059
208651,0.125346,0,0.017503,0.078633,0.012586,-0.080881,0.721124681,-0.011090895,41.31740072
208671,0.075725,0,0.017974,-0.07623,0.013175,-0.07556,0.754871895,-0.014394526,43.25097366
208691,-0.069453,0,0.017806,0.011838,0.013814,-0.081945,0.791483898,-0.016123368,45.34868692
208711,0.089527,0,0.017402,-0.016936,0.014439,-0.084074,0.82729376,-0.014502263,47.40044089
208731,0.191849,0,0.016998,-0.033863,0.015117,-0.088331,0.866140299,-0.013397105,49.62618359
208751,0.247923,0,0.016796,-0.076211,0.015795,-0.087266,0.904986837,-0.019172263,51.8519263
208771,0.209455,0,0.016729,-0.050824,0.016432,-0.080881,0.941484249,-0.022729053,53.94307394
208791,0.100068,0,0.016864,-0.033872,0.017014,-0.074496,0.974830393,-0.023923737,55.85366724
208811,-0.597984,0,0.018008,0.059275,0.017563,-0.071303,1.006285776,-0.016099421,57.65592793
208831,0.010191,0,0.017671,0.02541,0.018115,-0.076624,1.037913046,-0.011235105,59.46803703
208851,0.170484,0,0.017369,-0.050807,0.01873,-0.08301,1.07314995,-0.014658474,61.48696294
208871,-0.115801,0,0.01747,-0.023667,0.019404,-0.090459,1.111767306,-0.013258211,63.69957442
208891,-0.213232,0,0.017099,0.00847,0.020087,-0.090459,1.150900323,-0.008990105,65.94173115
208911,-0.1777,0,0.017167,0.050795,0.020721,-0.080881,1.187225847,-0.014254895,68.02303038
208931,-0.07087,0,0.017167,0.033872,0.021263,-0.06811,1.21828016,-0.005416947,69.80231142
208951,-0.019197,0,0.017638,0.050801,0.021675,-0.050019,1.241886021,-0.006564421,71.15482764
208971,0.452341,0,0.017739,-0.044686,0.021952,-0.034055,1.257756952,-0.009798211,72.064165
208991,0.098704,0,0.018883,-0.033863,0.022126,-0.022349,1.267726418,-0.010091316,72.6353733
209011,-0.229333,0,0.01996,0.110055,0.022234,-0.017028,1.273914362,-0.000621579,72.98991639
209031,-0.322701,0,0.020667,0.093158,0.022284,-0.010642,1.276779151,0.000142895,73.1540567
209051,-0.157327,0,0.021037,0.084679,0.022323,-0.010642,1.279013686,0.008611789,73.28208615
209071,0.165682,0,0.02134,0.016938,0.022358,-0.011706,1.281019038,0.008880211,73.39698437
209091,0.471237,0,0.021879,-0.05926,0.022408,-0.010642,1.283883827,0.006652632,73.56112469
209111,0.121376,0,0.02272,-0.002882,0.022468,-0.013835,1.287321574,0.008283211,73.75809307
209131,-0.115658,0,0.023629,0.05926,0.022522,-0.011706,1.290415546,0.015413263,73.93536461
209151,0.403623,0,0.023394,-0.033509,0.022554,-0.006385,1.292249011,0.016324579,74.04041442
209171,-0.153733,0,0.024875,0.036399,0.022501,0.00745,1.289212335,0.020023053,73.86642568
209191,-0.318027,0,0.025481,0.093124,0.022367,0.011706,1.2815347,0.021804579,73.42652963
209211,-0.250619,0,0.026019,0.076192,0.022182,0.015963,1.270934981,0.024477316,72.81921046
209231,0.426084,0,0.025615,-0.033515,0.021984,0.018092,1.259590417,0.025387421,72.1692148
209251,-0.055535,0,0.026827,0.044757,0.021781,0.021285,1.247959374,0.028988684,71.50280511
209271,-0.229177,0,0.027635,0.09316,0.021624,0.010642,1.238963936,0.033446053,70.98740451
209291,0.369537,0,0.0275,0.016936,0.021525,0.005321,1.233291654,0.031664,70.66240668
209311,-0.240462,0,0.028106,-0.08448,0.021458,0.004257,1.229452837,0.025434947,70.44245866
209331,0.424559,0,0.02649,0.050807,0.021425,-0.004257,1.227562076,0.025435263,70.33412605
209351,0.029962,0,0.027635,-0.042329,0.021357,0.00745,1.223665963,0.025559316,70.11089522
209371,-0.36615,0,0.028611,0.101615,0.021286,0.002128,1.219597963,0.032689737,69.87781597
209391,-0.123648,0,0.028914,0.07623,0.021193,0.004257,1.214269455,0.030909474,69.57251498
209411,0.12185,0,0.029049,0.014537,0.021112,0.003193,1.209628497,0.026771526,69.30660766
209431,-0.053069,0,0.029789,0.019641,0.021087,-0.003193,1.208196103,0.023348474,69.2245375
209451,-0.422114,0,0.030429,0.095324,0.021113,-0.011706,1.209685793,0.027474053,69.30989047
209471,-0.051817,0,0.030294,0.05929,0.021195,-0.017028,1.214384047,0.033713526,69.57908059
209491,0.169643,0,0.03026,-0.02541,0.021302,-0.02022,1.220514695,0.032527842,69.93034087
209511,-0.039659,0,0.030395,-0.032128,0.021451,-0.025541,1.229051766,0.027717947,70.41947901
209531,-0.170141,0,0.03053,0.084679,0.021627,-0.02767,1.239135824,0.033938368,70.99725293
209551,0.228586,0,0.030361,-0.005404,0.021799,-0.025541,1.248990698,0.031738211,71.56189562
209571,0.219183,0,0.030866,-0.025399,0.021952,-0.019156,1.257756952,0.025500158,72.064165
209591,-0.096913,0,0.031506,0.028101,0.022033,-0.008514,1.26239791,0.022969053,72.33007231
209611,0.033614,0,0.031809,0.064281,0.021997,0.004257,1.260335262,0.028116211,72.21189128
209631,0.578046,0,0.031775,-0.067743,0.02182,0.025541,1.250193909,0.022195158,71.63083456
209651,-0.195979,0,0.032818,0.033876,0.021488,0.046826,1.23117171,0.019074947,70.54094285
209671,-0.172807,0,0.033189,0.067743,0.02092,0.077688,1.198627707,0.021749,68.67630884
209691,0.027673,0,0.033963,0.076203,0.020059,0.117065,1.149296041,0.030206,65.84981257
209711,0.199922,0,0.034872,0.03388,0.018926,0.147927,1.084379923,0.029315105,62.13039298
209731,0.128191,0,0.036117,0.019639,0.017699,0.147927,1.014078002,0.032576579,58.10238959
209751,-0.248324,0,0.037463,0.050812,0.016582,0.1309,0.950078616,0.029902737,54.4354949
209771,-0.173228,0,0.037733,0.084711,0.015608,0.113872,0.894272527,0.030349105,51.23804151
209791,0.11045,0,0.038036,0.033867,0.014736,0.10323,0.844310607,0.031366474,48.37543437
209811,0.356221,0,0.03817,-0.050799,0.013905,0.098973,0.796697814,0.027659105,45.6474223
209831,0.338855,0,0.038238,-0.093141,0.013168,0.084074,0.754470825,0.017739895,43.22799402
209851,0.04564,0,0.038574,-0.005762,0.012505,0.079817,0.716483723,0.014316105,41.05149341
209871,-0.049738,0,0.03881,0.033876,0.011819,0.091523,0.677178818,0.017436421,38.79948825
209891,0.230504,0,0.038642,-0.022345,0.010978,0.114936,0.628993067,0.017951316,36.03864811
209911,0.198661,0,0.039281,-0.04234,0.010012,0.127707,0.573645344,0.011266105,32.86745718
209931,0.015508,0,0.039752,-0.016932,0.008986,0.131964,0.514859875,0.010659368,29.49929786
209951,-0.057045,0,0.040224,0.046551,0.007929,0.1309,0.454298236,0.014446211,26.02937155
209971,0.351574,0,0.039651,-0.084679,0.006917,0.117065,0.396314907,0.008510421,22.70717152
209991,0.072517,0,0.039752,-0.059267,0.006051,0.094716,0.346696762,0.002007895,19.86426122
210011,-0.197233,0,0.039786,0.0152,0.005328,0.076624,0.305271913,0.006373316,17.49079223
210031,0.083823,0,0.038844,-0.008287,0.004739,0.061725,0.271524699,0.004154211,15.55721929
210051,0.332205,0,0.038036,-0.127019,0.004255,0.05534,0.243793542,-0.006096421,13.96834102
210071,0.152128,0,0.037733,-0.084671,0.003816,0.052147,0.218640695,-0.014563474,12.52718903
210091,-0.136216,0,0.037329,-0.042346,0.003399,0.051083,0.194748355,-0.018575368,11.15825878
210111,-0.400874,0,0.036959,0.04235,0.002999,0.04789,0.171830043,-0.017380053,9.845136244
210131,0.037746,0,0.035982,-0.025228,0.002613,0.04789,0.149713872,-0.021382158,8.577972993
210171,-0.205798,0,0.035309,-0.033876,0.001976,0.032991,0.11321646,-0.027623579,6.486825348
210191,-0.495938,0,0.034737,0.04234,0.001746,0.022349,0.100038431,-0.027177632,5.731779887
210211,-0.161834,0,0.033862,-0.002706,0.001573,0.019156,0.090126261,-0.024646421,5.163854389
210231,0.107563,0,0.03265,-0.050801,0.001427,0.015963,0.081761077,-0.022418,4.684564661
210251,-0.10078,0,0.032347,-0.04234,0.001327,0.012771,0.076031499,-0.024343158,4.356284026
210271,-0.049772,0,0.031708,0.015199,0.001278,0.001064,0.073224006,-0.025326158,4.195426515
210291,0.652507,0,0.030025,-0.144018,0.001308,-0.005321,0.07494288,-0.03173,4.293910706
210311,-0.279163,0,0.029587,-0.067726,0.001358,-0.006385,0.077807669,-0.033066105,4.458051023
210331,-0.088352,0,0.028241,0.000178,0.00136,-0.001064,0.07792226,-0.032165579,4.464616636
210351,0.268306,0,0.027096,-0.084679,0.001341,0.004257,0.07683364,-0.039072421,4.402243315
210371,0.091565,0,0.026726,-0.084679,0.001363,-0.001064,0.078094147,-0.039072421,4.474465055
210391,-0.459369,0,0.026625,0.025404,0.001433,-0.011706,0.082104852,-0.034616053,4.7042615
210411,0.083729,0,0.025447,-0.036397,0.001525,-0.012771,0.087376064,-0.037331684,5.006279684
210431,0.333012,0,0.024336,-0.11011,0.001605,-0.005321,0.091959726,-0.042690789,5.268904192
210451,-0.970033,0,0.025649,0.06776,0.00167,-0.003193,0.095683952,-0.032439263,5.482286605
210471,0.855609,0,0.023528,-0.194762,0.001686,-0.006385,0.096600684,-0.038233526,5.534811506
210491,-0.872289,0,0.024235,0.118521,0.001785,-0.012771,0.102272966,-0.029766842,5.859809335
210511,0.925775,0,0.02198,-0.18627,0.001878,-0.013835,0.107601474,-0.041799474,6.165110325
210531,-0.893656,0,0.022552,0.127036,0.00203,-0.017028,0.116310432,-0.033785579,6.664096891
210551,0.886049,0,0.020364,-0.194785,0.00211,-0.010642,0.120894095,-0.042254474,6.926721399
210571,-0.759881,0,0.020869,0.059275,0.002226,-0.010642,0.127540405,-0.041363158,7.307526935
210591,0.33111,0,0.019691,-0.04234,0.00228,-0.009578,0.130634377,-0.043449158,7.484798478
210611,0.085901,0,0.019657,-0.093147,0.002404,-0.013835,0.137739054,-0.045677895,7.891866465
210631,-0.263077,0,0.019489,0.010095,0.00257,-0.025541,0.147250153,-0.042918158,8.43681232
210651,0.152436,0,0.018378,-0.055853,0.002752,-0.024477,0.157677985,-0.046657737,9.034283075
210671,0.221622,0,0.018109,-0.076211,0.002975,-0.025541,0.170454944,-0.043088947,9.766348891
210691,0.376668,0,0.017133,-0.067743,0.00325,-0.038312,0.186211283,-0.043089842,10.66912064
210711,0.065736,0,0.017032,-0.076211,0.003585,-0.044697,0.20540537,-0.047110316,11.76886076
210731,-0.313379,0,0.016796,0.019639,0.003995,-0.054275,0.228896639,-0.041619895,13.11481137
210751,-0.067413,0,0.015719,0.002882,0.004435,-0.058532,0.254106782,-0.037011421,14.55924616
210771,0.135023,0,0.014945,-0.05082,0.004879,-0.050019,0.279546108,-0.041023211,16.01681218
