Timestamp,Angular position,Angular velocity
4076,13.359375,8.7890625
4086,13.359375,0
4097,13.27148438,-8.7890625
4107,13.0078125,-23.970171
4118,12.65625,-35.15625
4128,12.21679688,-39.9502831
4139,11.68945313,-52.734375
4149,11.07421875,-61.5234375
4159,10.37109375,-63.9204559
4170,9.580078125,-79.1015625
4180,8.701171875,-79.9005661
4191,7.734375,-96.6796875
4201,6.6796875,-95.8806839
4212,5.537109375,-114.2578125
4222,4.482421875,-105.46875
4232,3.33984375,-103.8707352
4243,2.109375,-123.046875
4253,0.87890625,-111.8607941
4264,-0.3515625,-123.046875
4274,-1.58203125,-111.8607941
4285,-2.8125,-123.046875
4295,-4.04296875,-123.046875
4305,-5.2734375,-111.8607941
4316,-6.416015625,-114.2578125
4326,-7.470703125,-95.8806839
4337,-8.525390625,-105.46875
4347,-9.4921875,-87.890625
4358,-10.37109375,-87.890625
4368,-11.16210938,-79.1015625
4378,-11.86523438,-63.9204559
4389,-12.48046875,-61.5234375
4399,-13.0078125,-47.9403419
4410,-13.44726563,-43.9453125
4420,-13.79882813,-31.960228
4431,-13.97460938,-17.578125
4441,-13.97460938,0
4451,-13.97460938,0
4462,-13.79882813,17.578125
4472,-13.53515625,23.970171
4483,-13.18359375,35.15625
4493,-12.65625,52.734375
4504,-12.04101563,55.930397
4514,-11.33789063,70.3125
4524,-10.546875,71.9105148
4535,-9.66796875,87.890625
4545,-8.701171875,87.890625
4556,-7.646484375,105.46875
4566,-6.591796875,105.46875
4576,-5.44921875,103.8707352
4587,-4.306640625,114.2578125
4597,-3.076171875,111.8607941
4608,-1.845703125,123.046875
4618,-0.615234375,111.8607941
4629,0.615234375,123.046875
4639,1.7578125,114.2578125
4649,2.98828125,111.8607941
4660,4.130859375,114.2578125
4670,5.2734375,103.8707352
4681,6.416015625,114.2578125
4691,7.3828125,87.890625
4702,8.349609375,96.6796875
4712,9.228515625,87.890625
4722,10.01953125,71.9105148
4733,10.81054688,79.1015625
4743,11.42578125,55.930397
4754,11.953125,52.734375
4764,12.39257813,39.9502831
4775,12.74414063,35.15625
4785,13.0078125,26.3671875
4795,13.09570313,7.990057
4806,13.18359375,8.7890625
4816,13.09570313,-7.990057
4827,12.91992188,-17.578125
4837,12.65625,-23.970171
4848,12.21679688,-43.9453125
4858,11.77734375,-43.9453125
4868,11.16210938,-55.930397
4879,10.546875,-61.5234375
4889,9.755859375,-71.9105148
4900,8.96484375,-79.1015625
4910,8.0859375,-79.9005661
4921,7.03125,-105.46875
4931,6.064453125,-96.6796875
4941,4.921875,-103.8707352
4952,3.779296875,-114.2578125
4962,2.63671875,-103.8707352
4973,1.40625,-123.046875
4983,0.263671875,-103.8707352
4994,-0.966796875,-123.046875
5004,-2.197265625,-123.046875
5014,-3.427734375,-111.8607941
5025,-4.5703125,-114.2578125
5035,-5.712890625,-103.8707352
5046,-6.85546875,-114.2578125
5056,-7.822265625,-96.6796875
5067,-8.876953125,-95.8806839
5077,-9.755859375,-87.890625
5087,-10.546875,-71.9105148
5098,-11.33789063,-79.1015625
5108,-11.953125,-55.930397
5119,-12.56835938,-61.5234375
5129,-13.0078125,-43.9453125
5139,-13.359375,-31.960228
5150,-13.62304688,-26.3671875
5160,-13.7109375,-7.990057
5171,-13.7109375,0
5181,-13.62304688,7.990057
5192,-13.44726563,17.578125
5202,-13.09570313,35.15625
5212,-12.65625,39.9502831
5223,-12.12890625,52.734375
5233,-11.42578125,63.9204559
5244,-10.72265625,70.3125
5254,-9.931640625,71.9105148
5265,-9.052734375,87.890625
5275,-7.998046875,105.46875
5285,-7.03125,87.890625
5296,-5.888671875,114.2578125
5306,-4.833984375,95.8806839
5317,-3.603515625,123.046875
5327,-2.4609375,103.8707352
5338,-1.23046875,123.046875
5348,0,123.046875
5358,1.142578125,103.8707352
5369,2.373046875,123.046875
5379,3.515625,103.8707352
5390,4.658203125,114.2578125
5400,5.712890625,95.8806839
5411,6.767578125,105.46875
5421,7.734375,96.6796875
5431,8.61328125,79.9005661
5442,9.4921875,87.890625
5452,10.1953125,63.9204559
5463,10.8984375,70.3125
5473,11.51367188,55.930397
5484,11.953125,43.9453125
5494,12.3046875,35.15625
5504,12.65625,31.960228
5515,12.83203125,17.578125
5525,12.91992188,7.990057
5536,12.91992188,0
5546,12.74414063,-15.980114
5557,12.56835938,-17.578125
5567,12.21679688,-35.15625
5577,11.77734375,-39.9502831
5588,11.25,-52.734375
5598,10.72265625,-47.9403419
5609,10.01953125,-70.3125
5619,9.140625,-87.890625
5630,8.349609375,-71.9105148
5640,7.3828125,-96.6796875
5650,6.416015625,-87.890625
5661,5.361328125,-105.46875
5671,4.306640625,-95.8806839
5682,3.1640625,-114.2578125
5692,1.93359375,-123.046875
5702,0.791015625,-103.8707352
5713,-0.439453125,-123.046875
5723,-1.58203125,-103.8707352
5734,-2.8125,-123.046875
5744,-3.955078125,-103.8707352
5755,-5.09765625,-114.2578125
5765,-6.240234375,-114.2578125
5775,-7.294921875,-95.8806839
5786,-8.26171875,-96.6796875
5796,-9.140625,-79.9005661
5807,-10.01953125,-87.890625
5817,-10.81054688,-71.9105148
5828,-11.51367188,-70.3125
5838,-12.12890625,-61.5234375
5848,-12.65625,-47.9403419
5859,-13.0078125,-35.15625
5869,-13.27148438,-23.970171
5880,-13.44726563,-17.578125
5890,-13.53515625,-7.990057
5901,-13.44726563,8.7890625
5911,-13.27148438,17.578125
5921,-13.0078125,23.970171
5932,-12.65625,35.15625
5942,-12.12890625,47.9403419
5953,-11.6015625,52.734375
5963,-10.8984375,63.9204559
5974,-10.10742188,79.1015625
5984,-9.31640625,79.1015625
5994,-8.349609375,87.890625
6005,-7.3828125,96.6796875
6015,-6.328125,95.8806839
6026,-5.2734375,105.46875
6036,-4.130859375,103.8707352
6047,-2.98828125,114.2578125
6057,-1.7578125,123.046875
6067,-0.615234375,103.8707352
6078,0.52734375,114.2578125
6088,1.7578125,111.8607941
6099,2.900390625,114.2578125
6109,4.04296875,103.8707352
6120,5.09765625,105.46875
6130,6.15234375,105.46875
6140,7.119140625,87.890625
6151,8.0859375,96.6796875
6161,8.96484375,79.9005661
6172,9.66796875,70.3125
6182,10.37109375,63.9204559
6193,10.98632813,61.5234375
6203,11.51367188,52.734375
6213,12.04101563,47.9403419
6224,12.3046875,26.3671875
6234,12.56835938,23.970171
6245,12.65625,8.7890625
6255,12.74414063,8.7890625
6265,12.65625,-7.990057
6276,12.48046875,-17.578125
6286,12.21679688,-23.970171
6297,11.86523438,-35.15625
6307,11.33789063,-47.9403419
6318,10.81054688,-52.734375
6328,10.1953125,-61.5234375
6338,9.404296875,-71.9105148
6349,8.61328125,-79.1015625
6359,7.734375,-79.9005661
6370,6.767578125,-96.6796875
6380,5.80078125,-87.890625
6391,4.74609375,-105.46875
6401,3.603515625,-114.2578125
6411,2.4609375,-103.8707352
6422,1.318359375,-114.2578125
6432,0.17578125,-103.8707352
6443,-0.966796875,-114.2578125
6453,-2.197265625,-111.8607941
6464,-3.33984375,-114.2578125
6474,-4.482421875,-114.2578125
6484,-5.537109375,-95.8806839
6495,-6.591796875,-105.46875
6505,-7.646484375,-95.8806839
6516,-8.61328125,-96.6796875
6526,-9.4921875,-79.9005661
6537,-10.28320313,-79.1015625
6547,-10.98632813,-70.3125
6557,-11.6015625,-55.930397
6568,-12.12890625,-52.734375
6578,-12.65625,-47.9403419
6589,-12.91992188,-26.3671875
6599,-13.18359375,-23.970171
6610,-13.27148438,-8.7890625
6620,-13.27148438,0
6630,-13.18359375,7.990057
6641,-13.0078125,17.578125
6651,-12.65625,31.960228
6662,-12.21679688,43.9453125
6672,-11.68945313,47.9403419
6683,-11.07421875,61.5234375
6693,-10.37109375,70.3125
6703,-9.580078125,71.9105148
6714,-8.701171875,87.890625
6724,-7.734375,87.890625
6735,-6.767578125,96.6796875
6745,-5.712890625,95.8806839
6756,-4.5703125,114.2578125
6766,-3.515625,105.46875
6776,-2.28515625,111.8607941
6787,-1.142578125,114.2578125
6797,0,103.8707352
6808,1.142578125,114.2578125
6818,2.28515625,114.2578125
6829,3.427734375,103.8707352
6839,4.5703125,114.2578125
6849,5.537109375,87.890625
6860,6.591796875,105.46875
6870,7.55859375,87.890625
6881,8.4375,87.890625
6891,9.228515625,79.1015625
6901,9.931640625,63.9204559
6912,10.63476563,70.3125
6922,11.16210938,47.9403419
6933,11.6015625,43.9453125
6943,12.04101563,39.9502831
6954,12.3046875,26.3671875
6964,12.48046875,17.578125
6974,12.56835938,7.990057
6985,12.56835938,0
6995,12.39257813,-15.980114
7006,12.21679688,-17.578125
7016,11.86523438,-31.960228
7027,11.51367188,-35.15625
7037,10.98632813,-52.734375
7047,10.37109375,-55.930397
7058,9.66796875,-70.3125
7068,8.876953125,-71.9105148
7079,8.0859375,-79.1015625
7089,7.20703125,-79.9005661
7100,6.240234375,-96.6796875
7110,5.185546875,-105.46875
7120,4.130859375,-95.8806839
7131,2.98828125,-114.2578125
7141,1.845703125,-103.8707352
7152,0.791015625,-105.46875
7162,-0.439453125,-111.8607941
7173,-1.58203125,-114.2578125
7183,-2.724609375,-114.2578125
7193,-3.8671875,-103.8707352
7204,-5.009765625,-114.2578125
7214,-6.064453125,-95.8806839
7225,-7.03125,-96.6796875
7235,-7.998046875,-87.890625
7246,-8.96484375,-96.6796875
7256,-9.755859375,-79.1015625
7266,-10.546875,-71.9105148
7277,-11.25,-70.3125
7287,-11.77734375,-47.9403419
7298,-12.21679688,-43.9453125
7308,-12.65625,-39.9502831
7319,-12.91992188,-26.3671875
7329,-13.09570313,-17.578125
7339,-13.18359375,-7.990057
7350,-13.09570313,8.7890625
7360,-12.91992188,15.980114
7371,-12.65625,26.3671875
7381,-12.3046875,35.15625
7392,-11.86523438,39.9502831
7402,-11.25,61.5234375
7412,-10.63476563,55.930397
7423,-9.84375,79.1015625
7433,-9.052734375,71.9105148
7444,-8.173828125,87.890625
7454,-7.20703125,96.6796875
7464,-6.15234375,95.8806839
7475,-5.09765625,105.46875
7485,-4.04296875,95.8806839
7496,-2.900390625,114.2578125
7506,-1.7578125,103.8707352
7517,-0.615234375,114.2578125
7527,0.52734375,114.2578125
7537,1.7578125,111.8607941
7548,2.8125,105.46875
7558,3.955078125,103.8707352
7569,5.009765625,105.46875
7579,5.9765625,87.890625
7590,7.03125,105.46875
7600,7.822265625,79.1015625
7610,8.701171875,79.9005661
7621,9.4921875,79.1015625
7631,10.1953125,63.9204559
7642,10.81054688,61.5234375
7652,11.25,39.9502831
7663,11.68945313,43.9453125
7673,12.04101563,35.15625
7683,12.21679688,15.980114
7694,12.3046875,8.7890625
7704,12.39257813,7.990057
7715,12.3046875,-8.7890625
7725,12.12890625,-15.980114
7736,11.86523438,-26.3671875
7746,11.51367188,-35.15625
7756,11.07421875,-39.9502831
7767,10.546875,-52.734375
7777,9.84375,-63.9204559
7788,9.228515625,-61.5234375
7798,8.4375,-71.9105148
7809,7.55859375,-87.890625
7819,6.591796875,-96.6796875
7829,5.625,-87.890625
7840,4.658203125,-96.6796875
7850,3.515625,-103.8707352
7861,2.4609375,-105.46875
7871,1.318359375,-103.8707352
7882,0.17578125,-114.2578125
7892,-0.966796875,-114.2578125
7902,-2.109375,-103.8707352
7913,-3.251953125,-114.2578125
7923,-4.306640625,-95.8806839
7934,-5.361328125,-105.46875
7944,-6.416015625,-105.46875
7955,-7.3828125,-87.890625
7965,-8.349609375,-96.6796875
7975,-9.140625,-71.9105148
7986,-9.931640625,-79.1015625
7996,-10.63476563,-63.9204559
8007,-11.25,-61.5234375
8017,-11.77734375,-52.734375
8027,-12.21679688,-39.9502831
8038,-12.56835938,-35.15625
8048,-12.74414063,-15.980114
8059,-12.91992188,-17.578125
8069,-12.91992188,0
8080,-12.74414063,17.578125
8090,-12.56835938,17.578125
8100,-12.3046875,23.970171
8111,-11.86523438,43.9453125
8121,-11.33789063,47.9403419
8132,-10.72265625,61.5234375
8142,-10.10742188,55.930397
8153,-9.31640625,79.1015625
8163,-8.4375,87.890625
8173,-7.55859375,79.9005661
8184,-6.591796875,96.6796875
8194,-5.537109375,95.8806839
8205,-4.482421875,105.46875
8215,-3.427734375,95.8806839
8226,-2.28515625,114.2578125
8236,-1.142578125,114.2578125
8246,-0.087890625,95.8806839
8257,1.0546875,114.2578125
8267,2.197265625,103.8707352
8278,3.33984375,114.2578125
8288,4.39453125,95.8806839
8299,5.361328125,96.6796875
8309,6.328125,96.6796875
8319,7.20703125,79.9005661
8330,8.0859375,87.890625
8340,8.876953125,71.9105148
8351,9.580078125,70.3125
8361,10.1953125,55.930397
8372,10.72265625,52.734375
8382,11.16210938,43.9453125
8392,11.51367188,31.960228
8403,11.86523438,35.15625
8413,12.04101563,15.980114
8424,12.12890625,8.7890625
8434,12.04101563,-7.990057
8445,11.953125,-8.7890625
8455,11.68945313,-26.3671875
8465,11.42578125,-23.970171
8476,10.98632813,-43.9453125
8486,10.546875,-39.9502831
8497,10.01953125,-52.734375
8507,9.31640625,-70.3125
8518,8.525390625,-71.9105148
8528,7.734375,-79.1015625
8538,6.85546875,-79.9005661
8549,5.888671875,-96.6796875
8559,4.921875,-87.890625
8570,3.955078125,-96.6796875
8580,2.900390625,-105.46875
8590,1.7578125,-103.8707352
8601,0.703125,-105.46875
8611,-0.439453125,-103.8707352
8622,-1.58203125,-114.2578125
8632,-2.724609375,-103.8707352
8643,-3.779296875,-105.46875
8653,-4.833984375,-105.46875
8663,-5.888671875,-95.8806839
8674,-6.85546875,-96.6796875
8684,-7.822265625,-87.890625
8695,-8.701171875,-87.890625
8705,-9.404296875,-63.9204559
8716,-10.1953125,-79.1015625
8726,-10.81054688,-61.5234375
8736,-11.42578125,-55.930397
8747,-11.86523438,-43.9453125
8757,-12.12890625,-23.970171
8768,-12.48046875,-35.15625
8778,-12.65625,-15.980114
8789,-12.65625,0
8799,-12.65625,0
8809,-12.48046875,15.980114
8820,-12.21679688,26.3671875
8830,-11.86523438,31.960228
8841,-11.42578125,43.9453125
8851,-10.81054688,55.930397
8862,-10.1953125,61.5234375
8872,-9.4921875,70.3125
8882,-8.701171875,71.9105148
8893,-7.734375,96.6796875
8903,-6.85546875,79.9005661
8914,-5.888671875,96.6796875
8924,-4.833984375,95.8806839
8935,-3.779296875,105.46875
8945,-2.724609375,105.46875
8955,-1.58203125,103.8707352
8966,-0.52734375,105.46875
8976,0.615234375,103.8707352
8987,1.669921875,105.46875
8997,2.8125,103.8707352
9008,3.8671875,105.46875
9018,4.833984375,96.6796875
9028,5.888671875,95.8806839
9039,6.767578125,87.890625
9049,7.646484375,79.9005661
9060,8.4375,79.1015625
9070,9.140625,63.9204559
9081,9.84375,70.3125
9091,10.37109375,52.734375
9101,10.8984375,47.9403419
9112,11.25,35.15625
9122,11.51367188,23.970171
9133,11.77734375,26.3671875
9143,11.86523438,8.7890625
9153,11.86523438,0
9164,11.77734375,-8.7890625
9174,11.68945313,-7.990057
9185,11.42578125,-26.3671875
9195,10.98632813,-39.9502831
9206,10.546875,-43.9453125
9216,10.01953125,-52.734375
9226,9.404296875,-55.930397
9237,8.7890625,-61.5234375
9247,7.998046875,-71.9105148
9258,7.119140625,-87.890625
9268,6.240234375,-79.9005661
9279,5.2734375,-96.6796875
9289,4.306640625,-96.6796875
9299,3.251953125,-95.8806839
9310,2.197265625,-105.46875
9320,1.142578125,-95.8806839
9331,0,-114.2578125
9341,-1.0546875,-95.8806839
9352,-2.197265625,-114.2578125
9362,-3.251953125,-105.46875
9372,-4.306640625,-95.8806839
9383,-5.361328125,-105.46875
9393,-6.328125,-87.890625
9404,-7.294921875,-96.6796875
9414,-8.173828125,-79.9005661
9425,-8.96484375,-79.1015625
9435,-9.66796875,-70.3125
9445,-10.37109375,-63.9204559
9456,-10.8984375,-52.734375
9466,-11.42578125,-47.9403419
9477,-11.86523438,-43.9453125
9487,-12.12890625,-23.970171
9498,-12.3046875,-17.578125
9508,-12.39257813,-8.7890625
9518,-12.39257813,0
9529,-12.3046875,8.7890625
9539,-12.04101563,23.970171
9550,-11.68945313,35.15625
9560,-11.33789063,31.960228
9571,-10.81054688,52.734375
9581,-10.1953125,61.5234375
9591,-9.4921875,63.9204559
9602,-8.7890625,70.3125
9612,-7.91015625,79.9005661
9623,-7.03125,87.890625
9633,-6.064453125,87.890625
9644,-5.09765625,96.6796875
9654,-4.04296875,105.46875
9664,-2.98828125,95.8806839
9675,-1.93359375,105.46875
9685,-0.791015625,103.8707352
9696,0.263671875,105.46875
9706,1.40625,114.2578125
9716,2.4609375,95.8806839
9727,3.515625,105.46875
9737,4.482421875,87.890625
9748,5.44921875,96.6796875
9758,6.416015625,87.890625
9769,7.294921875,87.890625
9779,8.0859375,79.1015625
9789,8.876953125,71.9105148
9800,9.4921875,61.5234375
9810,10.10742188,55.930397
9821,10.63476563,52.734375
9831,10.98632813,31.960228
9842,11.33789063,35.15625
9852,11.6015625,26.3671875
9862,11.77734375,15.980114
9873,11.77734375,0
9883,11.68945313,-7.990057
9894,11.6015625,-8.7890625
9904,11.33789063,-23.970171
9915,11.07421875,-26.3671875
9925,10.63476563,-43.9453125
9935,10.10742188,-47.9403419
9946,9.580078125,-52.734375
9956,8.876953125,-63.9204559
9967,8.173828125,-70.3125
9977,7.3828125,-71.9105148
9988,6.50390625,-87.890625
9998,5.537109375,-96.6796875
10008,4.658203125,-79.9005661
10019,3.603515625,-105.46875
10029,2.548828125,-95.8806839
10040,1.494140625,-105.46875
10050,0.439453125,-95.8806839
10061,-0.703125,-114.2578125
10071,-1.7578125,-105.46875
10081,-2.8125,-95.8806839
10092,-3.955078125,-114.2578125
10102,-4.921875,-87.890625
10113,-5.888671875,-96.6796875
10123,-6.85546875,-87.890625
10134,-7.734375,-87.890625
10144,-8.61328125,-87.890625
10154,-9.31640625,-63.9204559
10165,-10.01953125,-70.3125
10175,-10.63476563,-55.930397
10186,-11.16210938,-52.734375
10196,-11.6015625,-39.9502831
10207,-11.86523438,-26.3671875
10217,-12.12890625,-26.3671875
10227,-12.21679688,-7.990057
10238,-12.3046875,-8.7890625
10248,-12.21679688,7.990057
10259,-12.04101563,17.578125
10269,-11.77734375,26.3671875
10280,-11.42578125,31.960228
10290,-10.8984375,52.734375
10300,-10.37109375,47.9403419
10311,-9.66796875,70.3125
10321,-8.96484375,63.9204559
10332,-8.173828125,79.1015625
10342,-7.3828125,79.1015625
10352,-6.416015625,87.890625
10363,-5.44921875,96.6796875
10373,-4.482421875,87.890625
10384,-3.427734375,105.46875
10394,-2.373046875,95.8806839
10405,-1.318359375,105.46875
10415,-0.263671875,105.46875
10425,0.87890625,103.8707352
10436,1.93359375,105.46875
10446,2.98828125,95.8806839
10457,3.955078125,96.6796875
10467,4.921875,87.890625
10478,5.888671875,96.6796875
10488,6.767578125,87.890625
10498,7.646484375,79.9005661
10509,8.349609375,70.3125
10519,9.052734375,63.9204559
10530,9.66796875,61.5234375
10540,10.1953125,47.9403419
10551,10.72265625,52.734375
10561,10.98632813,26.3671875
10571,11.33789063,31.960228
10582,11.51367188,17.578125
10592,11.6015625,7.990057
10603,11.6015625,0
10613,11.51367188,-7.990057
10624,11.33789063,-17.578125
10634,10.98632813,-35.15625
10644,10.63476563,-31.960228
10655,10.1953125,-43.9453125
10665,9.66796875,-47.9403419
10676,9.052734375,-61.5234375
10686,8.349609375,-63.9204559
10697,7.646484375,-70.3125
10707,6.767578125,-87.890625
10717,5.888671875,-79.9005661
10728,5.009765625,-87.890625
10738,3.955078125,-95.8806839
10749,2.98828125,-96.6796875
10759,1.93359375,-95.8806839
10770,0.87890625,-105.46875
10780,-0.17578125,-105.46875
10790,-1.318359375,-103.8707352
10801,-2.373046875,-105.46875
10811,-3.427734375,-95.8806839
10822,-4.482421875,-105.46875
10832,-5.44921875,-96.6796875
10843,-6.416015625,-87.890625
10853,-7.294921875,-87.890625
10863,-8.0859375,-71.9105148
10874,-8.876953125,-79.1015625
10884,-9.580078125,-63.9204559
10895,-10.1953125,-61.5234375
10905,-10.81054688,-61.5234375
10915,-11.25,-39.9502831
10926,-11.6015625,-35.15625
10936,-11.86523438,-23.970171
10947,-12.04101563,-17.578125
10957,-12.12890625,-7.990057
10968,-12.12890625,0
10978,-11.953125,17.578125
10988,-11.77734375,15.980114
10999,-11.42578125,35.15625
11009,-10.98632813,39.9502831
11020,-10.546875,43.9453125
11030,-9.931640625,55.930397
11041,-9.228515625,70.3125
11051,-8.525390625,70.3125
11061,-7.734375,71.9105148
11072,-6.85546875,87.890625
11082,-5.80078125,95.8806839
11093,-4.921875,87.890625
11103,-3.8671875,95.8806839
11114,-2.900390625,96.6796875
11124,-1.845703125,105.46875
11134,-0.791015625,95.8806839
11145,0.3515625,114.2578125
11155,1.40625,95.8806839
11166,2.4609375,105.46875
11176,3.427734375,87.890625
11187,4.482421875,105.46875
11197,5.361328125,87.890625
11207,6.240234375,79.9005661
11218,7.119140625,87.890625
11228,7.91015625,71.9105148
11239,8.61328125,70.3125
11249,9.31640625,63.9204559
11260,9.84375,52.734375
11270,10.37109375,52.734375
11280,10.81054688,39.9502831
11291,11.07421875,26.3671875
11301,11.33789063,23.970171
11312,11.42578125,8.7890625
11322,11.51367188,7.990057
11333,11.42578125,-8.7890625
11343,11.33789063,-8.7890625
11353,11.07421875,-23.970171
11364,10.81054688,-26.3671875
11374,10.37109375,-39.9502831
11385,9.84375,-52.734375
11395,9.31640625,-52.734375
11406,8.701171875,-55.930397
11416,7.91015625,-79.1015625
11426,7.119140625,-71.9105148
11437,6.328125,-79.1015625
11447,5.361328125,-87.890625
11458,4.482421875,-87.890625
11468,3.515625,-96.6796875
11478,2.4609375,-95.8806839
11489,1.40625,-105.46875
11499,0.439453125,-87.890625
11510,-0.703125,-114.2578125
11520,-1.7578125,-95.8806839
11531,-2.8125,-105.46875
11541,-3.779296875,-96.6796875
11551,-4.833984375,-95.8806839
11562,-5.80078125,-96.6796875
11572,-6.6796875,-79.9005661
11583,-7.55859375,-87.890625
11593,-8.349609375,-71.9105148
11604,-9.140625,-79.1015625
11614,-9.755859375,-61.5234375
11624,-10.37109375,-55.930397
11635,-10.8984375,-52.734375
11645,-11.33789063,-39.9502831
11656,-11.6015625,-26.3671875
11666,-11.86523438,-23.970171
11677,-11.953125,-8.7890625
11687,-11.953125,0
11697,-11.953125,0
11708,-11.77734375,17.578125
11718,-11.42578125,31.960228
11729,-11.16210938,26.3671875
11739,-10.63476563,47.9403419
11750,-10.10742188,52.734375
11760,-9.4921875,61.5234375
11770,-8.7890625,63.9204559
11781,-7.998046875,79.1015625
11791,-7.20703125,71.9105148
11802,-6.328125,87.890625
11812,-5.361328125,87.890625
11823,-4.39453125,96.6796875
11833,-3.33984375,105.46875
11843,-2.373046875,87.890625
11854,-1.318359375,105.46875
11864,-0.263671875,95.8806839
11875,0.791015625,105.46875
11885,1.845703125,95.8806839
11896,2.900390625,105.46875
11906,3.8671875,96.6796875
11916,4.833984375,87.890625
11927,5.712890625,87.890625
11937,6.591796875,79.9005661
11948,7.3828125,79.1015625
11958,8.173828125,79.1015625
11969,8.7890625,55.930397
11979,9.404296875,61.5234375
11989,9.931640625,47.9403419
12000,10.37109375,43.9453125
12010,10.72265625,31.960228
12021,10.98632813,26.3671875
12031,11.25,26.3671875
12041,11.25,0
12052,11.25,0
12062,11.25,0
12073,10.98632813,-26.3671875
12083,10.81054688,-15.980114
12094,10.37109375,-43.9453125
12104,9.931640625,-43.9453125
12114,9.4921875,-39.9502831
12125,8.876953125,-61.5234375
12135,8.173828125,-63.9204559
12146,7.470703125,-70.3125
12156,6.591796875,-79.9005661
12167,5.80078125,-79.1015625
12177,4.833984375,-96.6796875
12187,3.8671875,-87.890625
12198,2.900390625,-96.6796875
12208,1.93359375,-87.890625
12219,0.87890625,-105.46875
12229,-0.17578125,-95.8806839
12240,-1.23046875,-105.46875
12250,-2.28515625,-105.46875
12260,-3.251953125,-87.890625
12271,-4.306640625,-105.46875
12281,-5.2734375,-87.890625
12292,-6.15234375,-87.890625
12302,-7.03125,-79.9005661
12313,-7.822265625,-79.1015625
12323,-8.61328125,-79.1015625
12333,-9.31640625,-63.9204559
12344,-9.931640625,-61.5234375
12354,-10.45898438,-47.9403419
12365,-10.8984375,-43.9453125
12375,-11.25,-31.960228
12386,-11.51367188,-26.3671875
12396,-11.68945313,-17.578125
12406,-11.77734375,-7.990057
12417,-11.77734375,0
12427,-11.6015625,15.980114
12438,-11.42578125,17.578125
12448,-11.07421875,31.960228
12459,-10.63476563,43.9453125
12469,-10.1953125,43.9453125
12479,-9.580078125,55.930397
12490,-8.96484375,61.5234375
12500,-8.26171875,63.9204559
12511,-7.470703125,79.1015625
12521,-6.591796875,87.890625
12532,-5.712890625,79.9005661
12542,-4.74609375,96.6796875
12552,-3.779296875,87.890625
12563,-2.724609375,105.46875
12573,-1.7578125,87.890625
12584,-0.703125,105.46875
12594,0.3515625,105.46875
12604,1.318359375,87.890625
12615,2.373046875,105.46875
12625,3.33984375,87.890625
12636,4.306640625,96.6796875
12646,5.185546875,79.9005661
12657,6.064453125,87.890625
12667,6.943359375,87.890625
12677,7.734375,71.9105148
12688,8.349609375,61.5234375
12698,8.96484375,55.930397
12709,9.580078125,61.5234375
12719,10.01953125,39.9502831
12730,10.37109375,35.15625
12740,10.72265625,35.15625
12750,10.8984375,15.980114
12761,11.07421875,17.578125
12771,11.07421875,0
12782,11.07421875,0
12792,10.8984375,-15.980114
12803,10.72265625,-17.578125
12813,10.37109375,-35.15625
12823,10.01953125,-31.960228
12834,9.4921875,-52.734375
12844,8.96484375,-47.9403419
12855,8.349609375,-61.5234375
12865,7.646484375,-63.9204559
12876,6.85546875,-79.1015625
12886,6.064453125,-79.1015625
12896,5.185546875,-79.9005661
12907,4.21875,-96.6796875
12917,3.33984375,-79.9005661
12928,2.28515625,-105.46875
12938,1.318359375,-87.890625
12949,0.3515625,-96.6796875
12959,-0.703125,-105.46875
12969,-1.7578125,-95.8806839
12980,-2.724609375,-96.6796875
12990,-3.779296875,-95.8806839
13001,-4.658203125,-87.890625
13011,-5.625,-87.890625
13022,-6.50390625,-87.890625
13032,-7.294921875,-79.1015625
13042,-8.0859375,-71.9105148
13053,-8.7890625,-70.3125
13063,-9.404296875,-55.930397
13074,-9.931640625,-52.734375
13084,-10.45898438,-52.734375
13095,-10.81054688,-31.960228
13105,-11.07421875,-26.3671875
13115,-11.33789063,-23.970171
13126,-11.42578125,-8.7890625
13136,-11.42578125,0
13147,-11.33789063,8.7890625
13157,-11.16210938,17.578125
13167,-10.8984375,23.970171
13178,-10.546875,35.15625
13188,-10.10742188,39.9502831
13199,-9.580078125,52.734375
13209,-8.96484375,55.930397
13220,-8.26171875,70.3125
13230,-7.55859375,70.3125
13240,-6.767578125,71.9105148
13251,-5.888671875,87.890625
13261,-5.009765625,79.9005661
13272,-4.04296875,96.6796875
13282,-3.076171875,87.890625
13293,-2.109375,96.6796875
13303,-1.0546875,105.46875
13313,-0.087890625,87.890625
13324,0.966796875,105.46875
13334,1.93359375,87.890625
13345,2.900390625,96.6796875
13355,3.8671875,87.890625
13366,4.74609375,87.890625
13376,5.625,87.890625
13386,6.50390625,79.9005661
13397,7.20703125,70.3125
13407,7.91015625,63.9204559
13418,8.525390625,61.5234375
13428,9.140625,55.930397
13439,9.66796875,52.734375
13449,10.01953125,35.15625
13459,10.37109375,31.960228
13470,10.63476563,26.3671875
13480,10.81054688,15.980114
13491,10.81054688,0
13501,10.81054688,0
13512,10.72265625,-8.7890625
13522,10.546875,-17.578125
13532,10.28320313,-23.970171
13543,9.931640625,-35.15625
13553,9.4921875,-39.9502831
13564,8.96484375,-52.734375
13574,8.349609375,-55.930397
13585,7.734375,-61.5234375
13595,6.943359375,-79.1015625
13605,6.240234375,-63.9204559
13616,5.361328125,-87.890625
13626,4.482421875,-79.9005661
13637,3.515625,-96.6796875
13647,2.63671875,-87.890625
13658,1.669921875,-87.890625
13668,0.615234375,-105.46875
13678,-0.3515625,-87.890625
13689,-1.40625,-105.46875
13699,-2.373046875,-87.890625
13710,-3.33984375,-96.6796875
13720,-4.306640625,-96.6796875
13730,-5.185546875,-79.9005661
13741,-6.064453125,-87.890625
13751,-6.943359375,-79.9005661
13762,-7.734375,-79.1015625
13772,-8.4375,-63.9204559
13783,-9.052734375,-61.5234375
13793,-9.66796875,-61.5234375
13803,-10.10742188,-39.9502831
13814,-10.546875,-43.9453125
13824,-10.8984375,-31.960228
13835,-11.16210938,-26.3671875
13845,-11.25,-7.990057
13856,-11.33789063,-8.7890625
13866,-11.33789063,0
13876,-11.16210938,15.980114
13887,-10.8984375,26.3671875
13897,-10.63476563,23.970171
13908,-10.1953125,43.9453125
13918,-9.66796875,47.9403419
13929,-9.140625,52.734375
13939,-8.525390625,61.5234375
13949,-7.734375,71.9105148
13960,-7.03125,70.3125
13970,-6.15234375,79.9005661
13981,-5.2734375,87.890625
13991,-4.39453125,79.9005661
14002,-3.515625,87.890625
14012,-2.548828125,96.6796875
14022,-1.494140625,95.8806839
14033,-0.52734375,96.6796875
14043,0.439453125,87.890625
14054,1.494140625,105.46875
14064,2.4609375,87.890625
14075,3.427734375,96.6796875
14085,4.306640625,87.890625
14095,5.185546875,79.9005661
14106,5.9765625,79.1015625
14116,6.767578125,71.9105148
14127,7.470703125,70.3125
14137,8.173828125,63.9204559
14148,8.7890625,61.5234375
14158,9.228515625,43.9453125
14168,9.66796875,39.9502831
14179,10.01953125,35.15625
14189,10.37109375,31.960228
14200,10.546875,17.578125
14210,10.63476563,7.990057
14221,10.72265625,8.7890625
14231,10.63476563,-8.7890625
14241,10.45898438,-15.980114
14252,10.28320313,-17.578125
14262,9.931640625,-31.960228
14273,9.580078125,-35.15625
14283,9.052734375,-52.734375
14293,8.525390625,-47.9403419
14304,7.822265625,-70.3125
14314,7.20703125,-55.930397
14325,6.50390625,-70.3125
14335,5.625,-79.9005661
14346,4.833984375,-79.1015625
14356,3.955078125,-87.890625
14366,2.98828125,-87.890625
14377,2.109375,-87.890625
14387,1.0546875,-95.8806839
14398,0.087890625,-96.6796875
14408,-0.87890625,-87.890625
14419,-1.845703125,-96.6796875
14429,-2.8125,-96.6796875
14439,-3.779296875,-87.890625
14450,-4.74609375,-96.6796875
14460,-5.537109375,-71.9105148
14471,-6.416015625,-87.890625
14481,-7.20703125,-71.9105148
14492,-7.91015625,-70.3125
14502,-8.61328125,-70.3125
14512,-9.228515625,-55.930397
14523,-9.755859375,-52.734375
14533,-10.1953125,-39.9502831
14544,-10.546875,-35.15625
14554,-10.81054688,-23.970171
14565,-10.98632813,-17.578125
14575,-11.07421875,-8.7890625
14585,-11.07421875,0
14596,-10.98632813,8.7890625
14606,-10.81054688,15.980114
14617,-10.546875,26.3671875
14627,-10.1953125,31.960228
14638,-9.755859375,43.9453125
14648,-9.228515625,52.734375
14658,-8.61328125,55.930397
14669,-7.998046875,61.5234375
14679,-7.20703125,71.9105148
14690,-6.416015625,79.1015625
14700,-5.625,71.9105148
14711,-4.74609375,87.890625
14721,-3.779296875,96.6796875
14731,-2.900390625,79.9005661
14742,-1.93359375,96.6796875
14752,-0.966796875,87.890625
14763,0,96.6796875
14773,0.966796875,87.890625
14784,2.021484375,105.46875
14794,2.900390625,87.890625
14804,3.8671875,87.890625
14815,4.74609375,87.890625
14825,5.537109375,71.9105148
14836,6.328125,79.1015625
14846,7.119140625,79.1015625
14857,7.734375,55.930397
14867,8.349609375,61.5234375
14877,8.876953125,47.9403419
14888,9.404296875,52.734375
14898,9.755859375,31.960228
14909,10.10742188,35.15625
14919,10.28320313,17.578125
14929,10.45898438,15.980114
14940,10.546875,8.7890625
14950,10.45898438,-7.990057
14961,10.37109375,-8.7890625
14971,10.1953125,-15.980114
14982,9.931640625,-26.3671875
14992,9.580078125,-35.15625
15002,9.140625,-39.9502831
15013,8.61328125,-52.734375
15023,8.0859375,-47.9403419
15034,7.3828125,-70.3125
15044,6.6796875,-63.9204559
15055,5.9765625,-70.3125
15065,5.09765625,-87.890625
15075,4.21875,-79.9005661
15086,3.427734375,-79.1015625
15096,2.4609375,-87.890625
15107,1.494140625,-96.6796875
15117,0.52734375,-87.890625
15128,-0.439453125,-96.6796875
15138,-1.40625,-96.6796875
15148,-2.373046875,-87.890625
15159,-3.251953125,-87.890625
15169,-4.21875,-87.890625
15180,-5.09765625,-87.890625
15190,-5.9765625,-79.9005661
15201,-6.767578125,-79.1015625
15211,-7.470703125,-70.3125
15221,-8.173828125,-63.9204559
15232,-8.7890625,-61.5234375
15242,-9.31640625,-47.9403419
15253,-9.755859375,-43.9453125
15263,-10.1953125,-39.9502831
15274,-10.546875,-35.15625
15284,-10.72265625,-17.578125
15294,-10.81054688,-7.990057
15305,-10.8984375,-8.7890625
15315,-10.81054688,7.990057
15326,-10.63476563,17.578125
15336,-10.45898438,15.980114
15347,-10.10742188,35.15625
15357,-9.755859375,35.15625
15367,-9.31640625,39.9502831
15378,-8.7890625,52.734375
15388,-8.0859375,63.9204559
15399,-7.3828125,70.3125
15409,-6.6796875,70.3125
15420,-5.888671875,71.9105148
15430,-5.009765625,87.890625
15440,-4.130859375,79.9005661
15451,-3.251953125,87.890625
15461,-2.28515625,87.890625
15472,-1.318359375,96.6796875
15482,-0.439453125,87.890625
15492,0.52734375,87.890625
15503,1.494140625,96.6796875
15513,2.4609375,87.890625
15524,3.33984375,87.890625
15534,4.21875,79.9005661
15545,5.09765625,87.890625
15555,5.888671875,79.1015625
15565,6.591796875,63.9204559
15576,7.294921875,70.3125
15586,7.91015625,55.930397
15597,8.525390625,61.5234375
15607,9.052734375,47.9403419
15618,9.404296875,35.15625
15628,9.755859375,35.15625
15638,10.01953125,23.970171
15649,10.1953125,17.578125
15659,10.28320313,7.990057
15670,10.28320313,0
15680,10.28320313,0
15691,10.10742188,-17.578125
15701,9.84375,-26.3671875
15711,9.580078125,-23.970171
15722,9.140625,-43.9453125
15732,8.701171875,-39.9502831
15743,8.173828125,-52.734375
15753,7.55859375,-55.930397
15764,6.85546875,-70.3125
15774,6.15234375,-70.3125
15784,5.361328125,-71.9105148
15795,4.5703125,-79.1015625
15805,3.69140625,-79.9005661
15816,2.8125,-87.890625
15826,1.845703125,-87.890625
15837,0.966796875,-87.890625
15847,0,-96.6796875
15857,-0.966796875,-87.890625
15868,-1.93359375,-96.6796875
15878,-2.8125,-79.9005661
15889,-3.779296875,-96.6796875
15899,-4.658203125,-79.9005661
15910,-5.44921875,-79.1015625
15920,-6.328125,-87.890625
15930,-7.03125,-63.9204559
15941,-7.734375,-70.3125
15951,-8.349609375,-55.930397
15962,-8.96484375,-61.5234375
15972,-9.4921875,-52.734375
15983,-9.84375,-31.960228
15993,-10.1953125,-35.15625
16003,-10.45898438,-23.970171
16014,-10.63476563,-17.578125
16024,-10.72265625,-7.990057
16035,-10.72265625,0
16045,-10.63476563,8.7890625
16055,-10.45898438,15.980114
16066,-10.1953125,26.3671875
16076,-9.755859375,39.9502831
16087,-9.404296875,35.15625
16097,-8.876953125,47.9403419
16108,-8.26171875,61.5234375
16118,-7.646484375,61.5234375
16128,-6.943359375,63.9204559
16139,-6.15234375,79.1015625
16149,-5.361328125,71.9105148
16160,-4.482421875,87.890625
16170,-3.603515625,79.9005661
16181,-2.724609375,87.890625
16191,-1.7578125,96.6796875
16201,-0.87890625,79.9005661
16212,0.087890625,96.6796875
16222,1.0546875,87.890625
16233,2.021484375,96.6796875
16243,2.900390625,79.9005661
16254,3.779296875,87.890625
16264,4.658203125,87.890625
16274,5.44921875,71.9105148
16285,6.15234375,70.3125
16295,6.943359375,71.9105148
16306,7.55859375,61.5234375
16316,8.0859375,47.9403419
16327,8.61328125,52.734375
16337,9.052734375,43.9453125
16347,9.4921875,39.9502831
16358,9.755859375,26.3671875
16368,9.931640625,15.980114
16379,10.10742188,17.578125
16389,10.1953125,7.990057
16400,10.10742188,-8.7890625
16410,10.01953125,-8.7890625
16420,9.755859375,-23.970171
16431,9.580078125,-17.578125
16441,9.140625,-39.9502831
16452,8.7890625,-35.15625
16462,8.26171875,-47.9403419
16473,7.646484375,-61.5234375
16483,7.03125,-61.5234375
16493,6.328125,-63.9204559
16504,5.625,-70.3125
16514,4.833984375,-71.9105148
16525,3.955078125,-87.890625
16535,3.076171875,-87.890625
16546,2.197265625,-79.9005661
16556,1.318359375,-87.890625
16566,0.3515625,-87.890625
16577,-0.615234375,-96.6796875
16587,-1.494140625,-79.9005661
16598,-2.4609375,-96.6796875
16608,-3.33984375,-87.890625
16618,-4.21875,-79.9005661
16629,-5.09765625,-87.890625
16639,-5.888671875,-71.9105148
16650,-6.6796875,-79.1015625
16660,-7.3828125,-63.9204559
16671,-8.0859375,-70.3125
16681,-8.61328125,-52.734375
16691,-9.140625,-47.9403419
16702,-9.580078125,-43.9453125
16712,-10.01953125,-39.9502831
16723,-10.28320313,-26.3671875
16733,-10.45898438,-15.980114
16744,-10.546875,-8.7890625
16754,-10.63476563,-8.7890625
16764,-10.546875,7.990057
16775,-10.37109375,17.578125
16785,-10.10742188,23.970171
16796,-9.84375,26.3671875
16806,-9.4921875,31.960228
16817,-8.96484375,52.734375
16827,-8.4375,52.734375
16837,-7.822265625,55.930397
16848,-7.119140625,70.3125
16858,-6.416015625,63.9204559
16869,-5.625,79.1015625
16879,-4.74609375,79.9005661
16890,-3.955078125,79.1015625
16900,-2.98828125,96.6796875
16910,-2.109375,79.9005661
16921,-1.23046875,87.890625
16931,-0.263671875,87.890625
16942,0.703125,96.6796875
16952,1.58203125,79.9005661
16963,2.4609375,87.890625
16973,3.427734375,96.6796875
16983,4.21875,71.9105148
16994,5.009765625,79.1015625
17004,5.80078125,71.9105148
17015,6.591796875,79.1015625
17025,7.20703125,55.930397
17036,7.822265625,61.5234375
17046,8.349609375,52.734375
17056,8.7890625,39.9502831
17067,9.228515625,43.9453125
17077,9.580078125,31.960228
17088,9.755859375,17.578125
17098,9.931640625,15.980114
17109,10.01953125,8.7890625
17119,10.01953125,0
17129,9.931640625,-7.990057
17140,9.755859375,-17.578125
17150,9.4921875,-23.970171
17161,9.228515625,-26.3671875
17171,8.7890625,-43.9453125
17181,8.349609375,-39.9502831
17192,7.822265625,-52.734375
17202,7.20703125,-55.930397
17213,6.591796875,-61.5234375
17223,5.80078125,-71.9105148
17234,5.09765625,-70.3125
17244,4.306640625,-79.1015625
17254,3.427734375,-79.9005661
17265,2.548828125,-87.890625
17275,1.669921875,-79.9005661
17286,0.703125,-96.6796875
17296,-0.17578125,-79.9005661
17307,-1.142578125,-96.6796875
17317,-2.021484375,-87.890625
17327,-2.98828125,-87.890625
17338,-3.8671875,-87.890625
17348,-4.658203125,-71.9105148
17359,-5.537109375,-87.890625
17369,-6.240234375,-63.9204559
17380,-6.943359375,-70.3125
17390,-7.646484375,-70.3125
17400,-8.26171875,-55.930397
17411,-8.7890625,-52.734375
17421,-9.31640625,-47.9403419
17432,-9.66796875,-35.15625
17442,-10.01953125,-31.960228
17453,-10.1953125,-17.578125
17463,-10.37109375,-17.578125
17473,-10.45898438,-7.990057
17484,-10.37109375,8.7890625
17494,-10.28320313,7.990057
17505,-10.10742188,17.578125
17515,-9.84375,23.970171
17526,-9.4921875,35.15625
17536,-9.052734375,43.9453125
17546,-8.525390625,47.9403419
17557,-7.91015625,61.5234375
17567,-7.294921875,55.930397
17578,-6.591796875,70.3125
17588,-5.80078125,71.9105148
17599,-5.009765625,79.1015625
17609,-4.21875,79.1015625
17619,-3.33984375,79.9005661
17630,-2.4609375,87.890625
17640,-1.494140625,87.890625
17651,-0.615234375,87.890625
17661,0.3515625,87.890625
17672,1.23046875,87.890625
17682,2.109375,87.890625
17692,2.98828125,79.9005661
17703,3.8671875,87.890625
17713,4.658203125,71.9105148
17724,5.44921875,79.1015625
17734,6.15234375,70.3125
17744,6.85546875,63.9204559
17755,7.470703125,61.5234375
17765,7.998046875,47.9403419
17776,8.525390625,52.734375
17786,8.96484375,39.9502831
17797,9.228515625,26.3671875
17807,9.580078125,35.15625
17817,9.755859375,15.980114
17828,9.84375,8.7890625
17838,9.84375,0
17849,9.84375,0
17859,9.66796875,-15.980114
17870,9.4921875,-17.578125
17880,9.228515625,-26.3671875
17890,8.876953125,-31.960228
17901,8.4375,-43.9453125
17911,7.91015625,-47.9403419
17922,7.3828125,-52.734375
17932,6.767578125,-55.930397
17943,6.064453125,-70.3125
17953,5.2734375,-79.1015625
17963,4.5703125,-63.9204559
17974,3.69140625,-87.890625
17984,2.900390625,-71.9105148
17995,2.021484375,-87.890625
18005,1.0546875,-87.890625
18016,0.17578125,-87.890625
18026,-0.703125,-87.890625
18036,-1.58203125,-79.9005661
18047,-2.548828125,-96.6796875
18057,-3.427734375,-79.9005661
18068,-4.306640625,-87.890625
18078,-5.09765625,-71.9105148
18089,-5.888671875,-79.1015625
18099,-6.591796875,-70.3125
18109,-7.294921875,-63.9204559
18120,-7.91015625,-61.5234375
18130,-8.4375,-47.9403419
18141,-8.96484375,-52.734375
18151,-9.404296875,-39.9502831
18162,-9.66796875,-26.3671875
18172,-10.01953125,-35.15625
18182,-10.10742188,-7.990057
18193,-10.28320313,-17.578125
18203,-10.28320313,0
18214,-10.1953125,8.7890625
18224,-10.01953125,15.980114
18235,-9.755859375,26.3671875
18245,-9.4921875,26.3671875
18255,-9.052734375,39.9502831
18266,-8.61328125,43.9453125
18276,-7.998046875,55.930397
18287,-7.3828125,61.5234375
18297,-6.767578125,61.5234375
18308,-6.064453125,63.9204559
18318,-5.2734375,79.1015625
18328,-4.482421875,71.9105148
18339,-3.603515625,87.890625
18349,-2.8125,71.9105148
18360,-1.845703125,96.6796875
18370,-0.966796875,87.890625
18380,-0.087890625,79.9005661
18391,0.791015625,87.890625
18401,1.669921875,79.9005661
18412,2.63671875,96.6796875
18422,3.427734375,71.9105148
18433,4.306640625,87.890625
18443,5.009765625,70.3125
18453,5.80078125,71.9105148
18464,6.50390625,70.3125
18474,7.119140625,55.930397
18485,7.646484375,52.734375
18495,8.173828125,47.9403419
18506,8.61328125,43.9453125
18516,9.052734375,43.9453125
18526,9.31640625,23.970171
18537,9.4921875,17.578125
18547,9.66796875,15.980114
18558,9.66796875,0
18568,9.66796875,0
18579,9.580078125,-8.7890625
18589,9.404296875,-17.578125
18599,9.140625,-23.970171
18610,8.876953125,-26.3671875
18620,8.4375,-39.9502831
18631,7.998046875,-43.9453125
18641,7.470703125,-47.9403419
18652,6.85546875,-61.5234375
18662,6.240234375,-61.5234375
18672,5.44921875,-71.9105148
18683,4.74609375,-70.3125
18693,3.955078125,-71.9105148
18704,3.076171875,-87.890625
18714,2.28515625,-71.9105148
18725,1.40625,-87.890625
18735,0.52734375,-87.890625
18745,-0.3515625,-79.9005661
18756,-1.318359375,-96.6796875
18766,-2.197265625,-79.9005661
18777,-3.076171875,-87.890625
18787,-3.8671875,-71.9105148
18798,-4.74609375,-87.890625
18808,-5.44921875,-70.3125
18818,-6.240234375,-71.9105148
18829,-6.943359375,-70.3125
18839,-7.55859375,-55.930397
18850,-8.173828125,-61.5234375
18860,-8.61328125,-43.9453125
18871,-9.052734375,-39.9502831
18881,-9.404296875,-35.15625
18891,-9.66796875,-23.970171
18902,-9.931640625,-26.3671875
18912,-10.01953125,-7.990057
18923,-10.10742188,-8.7890625
18933,-10.01953125,8.7890625
18943,-9.931640625,7.990057
18954,-9.66796875,26.3671875
18964,-9.404296875,23.970171
18975,-9.052734375,35.15625
18985,-8.61328125,39.9502831
18996,-8.0859375,52.734375
19006,-7.55859375,52.734375
19016,-6.943359375,55.930397
19027,-6.240234375,70.3125
19037,-5.44921875,71.9105148
19048,-4.658203125,79.1015625
19058,-3.8671875,71.9105148
19069,-2.98828125,87.890625
19079,-2.109375,87.890625
19089,-1.23046875,79.9005661
19100,-0.3515625,87.890625
19110,0.52734375,79.9005661
19121,1.40625,87.890625
19131,2.28515625,79.9005661
19142,3.076171875,79.1015625
19152,3.8671875,79.1015625
19162,4.658203125,71.9105148
19173,5.44921875,79.1015625
19183,6.15234375,63.9204559
19194,6.767578125,61.5234375
19204,7.3828125,55.930397
19215,7.822265625,43.9453125
19225,8.349609375,52.734375
19235,8.701171875,31.960228
19246,9.052734375,35.15625
19256,9.31640625,23.970171
19267,9.4921875,17.578125
19277,9.580078125,7.990057
19288,9.580078125,0
19298,9.4921875,-8.7890625
19308,9.31640625,-15.980114
19319,9.140625,-17.578125
19329,8.876953125,-23.970171
19340,8.4375,-43.9453125
19350,7.998046875,-39.9502831
19361,7.55859375,-43.9453125
19371,6.943359375,-61.5234375
19381,6.416015625,-47.9403419
19392,5.712890625,-70.3125
19402,4.921875,-71.9105148
19413,4.130859375,-79.1015625
19423,3.427734375,-70.3125
19434,2.548828125,-79.9005661
19444,1.669921875,-87.890625
19454,0.87890625,-71.9105148
19465,-0.087890625,-96.6796875
19475,-0.966796875,-79.9005661
19486,-1.845703125,-87.890625
19496,-2.63671875,-79.1015625
19506,-3.515625,-79.9005661
19517,-4.39453125,-87.890625
19527,-5.185546875,-71.9105148
19538,-5.888671875,-70.3125
19548,-6.591796875,-63.9204559
19559,-7.20703125,-61.5234375
19569,-7.822265625,-61.5234375
19579,-8.349609375,-47.9403419
19590,-8.7890625,-43.9453125
19600,-9.228515625,-39.9502831
19611,-9.4921875,-26.3671875
19621,-9.755859375,-23.970171
19632,-9.84375,-8.7890625
19642,-9.931640625,-8.7890625
19652,-9.931640625,0
19663,-9.84375,8.7890625
19673,-9.66796875,15.980114
19684,-9.404296875,26.3671875
19694,-9.052734375,31.960228
19705,-8.701171875,35.15625
19715,-8.173828125,52.734375
19725,-7.646484375,47.9403419
19736,-7.03125,61.5234375
19746,-6.328125,63.9204559
19757,-5.625,70.3125
19767,-4.921875,63.9204559
19778,-4.04296875,87.890625
19788,-3.251953125,79.1015625
19798,-2.4609375,71.9105148
19809,-1.58203125,87.890625
19819,-0.703125,79.9005661
19830,0.17578125,87.890625
19840,1.0546875,79.9005661
19851,1.93359375,87.890625
19861,2.8125,87.890625
19871,3.603515625,71.9105148
19882,4.39453125,79.1015625
19892,5.09765625,63.9204559
19903,5.80078125,70.3125
19913,6.50390625,63.9204559
19924,7.119140625,61.5234375
19934,7.646484375,52.734375
19944,8.0859375,39.9502831
19955,8.525390625,43.9453125
19965,8.876953125,31.960228
19976,9.140625,26.3671875
19986,9.31640625,17.578125
19997,9.404296875,7.990057
20007,9.4921875,8.7890625
20017,9.404296875,-7.990057
20028,9.31640625,-8.7890625
20038,9.140625,-15.980114
20049,8.876953125,-26.3671875
20059,8.4375,-43.9453125
20069,8.0859375,-31.960228
20080,7.646484375,-43.9453125
20090,7.119140625,-47.9403419
20101,6.50390625,-61.5234375
20111,5.888671875,-55.930397
20122,5.09765625,-79.1015625
20132,4.39453125,-70.3125
20142,3.603515625,-71.9105148
20153,2.8125,-79.1015625
20163,1.93359375,-79.9005661
20174,1.142578125,-79.1015625
20184,0.263671875,-79.9005661
20195,-0.615234375,-87.890625
20205,-1.494140625,-87.890625
20215,-2.373046875,-79.9005661
20226,-3.1640625,-79.1015625
20236,-4.04296875,-79.9005661
20247,-4.833984375,-79.1015625
20257,-5.537109375,-63.9204559
20268,-6.240234375,-70.3125
20278,-6.943359375,-70.3125
20288,-7.55859375,-55.930397
20299,-7.998046875,-43.9453125
20309,-8.525390625,-47.9403419
20320,-8.876953125,-35.15625
20330,-9.228515625,-31.960228
20341,-9.4921875,-26.3671875
20351,-9.66796875,-17.578125
20361,-9.755859375,-7.990057
20372,-9.755859375,0
20382,-9.66796875,7.990057
20393,-9.580078125,8.7890625
20403,-9.31640625,23.970171
20414,-9.052734375,26.3671875
20424,-8.701171875,35.15625
20434,-8.26171875,39.9502831
20445,-7.734375,52.734375
20455,-7.119140625,55.930397
20466,-6.50390625,61.5234375
20476,-5.80078125,63.9204559
20487,-5.09765625,70.3125
20497,-4.306640625,79.1015625
20507,-3.515625,71.9105148
20518,-2.724609375,79.1015625
20528,-1.845703125,79.9005661
20539,-0.966796875,87.890625
20549,-0.17578125,71.9105148
20560,0.703125,87.890625
20570,1.58203125,87.890625
20580,2.373046875,71.9105148
20591,3.251953125,87.890625
20601,4.04296875,71.9105148
20612,4.74609375,70.3125
20622,5.44921875,70.3125
20632,6.108398438,64.71946048
20643,6.767578125,56.32990119
20653,7.294921875,47.9403419
20664,7.734375,43.9453125
20674,8.173828125,39.9502831
20685,8.525390625,35.15625
20695,8.876953125,35.15625
20705,9.052734375,15.980114
20716,9.228515625,17.578125
20726,9.228515625,0
20737,9.228515625,0
20747,9.140625,-7.990057
20758,9.052734375,-8.7890625
20768,8.7890625,-26.3671875
20778,8.4375,-31.960228
20789,8.0859375,-35.15625
20799,7.646484375,-39.9502831
20810,7.20703125,-43.9453125
20820,6.591796875,-55.930397
20831,5.9765625,-61.5234375
20841,5.2734375,-70.3125
20851,4.658203125,-55.930397
20862,3.8671875,-79.1015625
20872,3.076171875,-71.9105148
20883,2.28515625,-79.1015625
20893,1.40625,-79.9005661
20904,0.615234375,-79.1015625
20914,-0.263671875,-87.890625
20924,-1.142578125,-79.9005661
20935,-2.021484375,-87.890625
20945,-2.8125,-71.9105148
20956,-3.603515625,-79.1015625
20966,-4.39453125,-71.9105148
20977,-5.185546875,-79.1015625
20987,-5.80078125,-61.5234375
20997,-6.50390625,-63.9204559
21008,-7.119140625,-61.5234375
21018,-7.646484375,-47.9403419
21029,-8.173828125,-52.734375
21039,-8.61328125,-39.9502831
21050,-8.96484375,-35.15625
21060,-9.228515625,-26.3671875
21070,-9.404296875,-15.980114
21081,-9.580078125,-17.578125
21091,-9.580078125,0
21102,-9.580078125,0
21112,-9.4921875,7.990057
21123,-9.228515625,26.3671875
21133,-8.96484375,26.3671875
21143,-8.701171875,23.970171
21154,-8.26171875,43.9453125
21164,-7.734375,47.9403419
21175,-7.20703125,52.734375
21185,-6.6796875,52.734375
21195,-5.9765625,63.9204559
21206,-5.2734375,70.3125
21216,-4.5703125,63.9204559
21227,-3.779296875,79.1015625
21237,-2.98828125,71.9105148
21248,-2.197265625,79.1015625
21258,-1.318359375,87.890625
21268,-0.439453125,79.9005661
21279,0.3515625,79.1015625
21289,1.23046875,79.9005661
21300,2.021484375,79.1015625
21310,2.8125,71.9105148
21321,3.603515625,79.1015625
21331,4.39453125,79.1015625
21341,5.09765625,63.9204559
21352,5.712890625,61.5234375
21362,6.328125,55.930397
21373,6.943359375,61.5234375
21383,7.3828125,39.9502831
21394,7.822265625,43.9453125
21404,8.26171875,43.9453125
21414,8.525390625,23.970171
21425,8.7890625,26.3671875
21435,8.96484375,15.980114
21446,9.052734375,8.7890625
21456,9.140625,7.990057
21467,9.052734375,-8.7890625
21477,8.876953125,-17.578125
21487,8.701171875,-15.980114
21498,8.4375,-26.3671875
21508,8.0859375,-31.960228
21519,7.734375,-35.15625
21529,7.20703125,-47.9403419
21540,6.6796875,-52.734375
21550,6.064453125,-58.59375
21560,5.44921875,-64.453125
21571,4.74609375,-70.3125
21581,4.04296875,-63.9204559
21592,3.33984375,-70.3125
21602,2.548828125,-71.9105148
21613,1.669921875,-87.890625
21623,0.87890625,-79.1015625
21633,0,-79.9005661
21644,-0.791015625,-79.1015625
21654,-1.58203125,-71.9105148
21665,-2.4609375,-87.890625
21675,-3.251953125,-71.9105148
21686,-4.04296875,-79.1015625
21696,-4.833984375,-79.1015625
21706,-5.537109375,-63.9204559
21717,-6.15234375,-61.5234375
21727,-6.767578125,-55.930397
21738,-7.3828125,-61.5234375
21748,-7.822265625,-43.9453125
21758,-8.349609375,-47.9403419
21769,-8.701171875,-35.15625
21779,-8.96484375,-23.970171
21790,-9.228515625,-26.3671875
21800,-9.404296875,-15.980114
21811,-9.404296875,0
21821,-9.4921875,-8.7890625
21831,-9.31640625,15.980114
21842,-9.228515625,8.7890625
21852,-8.96484375,23.970171
21863,-8.701171875,26.3671875
21873,-8.26171875,39.9502831
21884,-7.822265625,43.9453125
21894,-7.294921875,52.734375
21904,-6.767578125,47.9403419
21915,-6.15234375,61.5234375
21925,-5.44921875,63.9204559
21936,-4.74609375,70.3125
21946,-4.04296875,63.9204559
21957,-3.251953125,79.1015625
21967,-2.373046875,87.890625
21977,-1.58203125,71.9105148
21988,-0.791015625,79.1015625
21998,0.087890625,79.9005661
22009,0.87890625,79.1015625
22019,1.669921875,71.9105148
22030,2.548828125,87.890625
22040,3.33984375,79.1015625
22050,4.04296875,63.9204559
22061,4.74609375,70.3125
22071,5.361328125,55.930397
22082,6.064453125,70.3125
22092,6.591796875,47.9403419
22103,7.119140625,52.734375
22113,7.55859375,43.9453125
22123,7.998046875,39.9502831
22134,8.349609375,35.15625
22144,8.525390625,15.980114
22155,8.7890625,26.3671875
22165,8.876953125,7.990057
22176,8.96484375,8.7890625
22186,8.876953125,-8.7890625
22196,8.7890625,-7.990057
22207,8.61328125,-17.578125
22217,8.349609375,-23.970171
22228,8.0859375,-26.3671875
22238,7.646484375,-39.9502831
22249,7.294921875,-35.15625
22259,6.767578125,-52.734375
22269,6.15234375,-55.930397
22280,5.537109375,-61.5234375
22290,4.921875,-55.930397
22301,4.21875,-70.3125
22311,3.515625,-70.3125
22322,2.724609375,-71.9105148
22332,1.93359375,-79.1015625
22342,1.142578125,-71.9105148
22353,0.3515625,-79.1015625
22363,-0.52734375,-79.9005661
22374,-1.318359375,-79.1015625
22384,-2.109375,-79.1015625
22394,-2.98828125,-79.9005661
22405,-3.69140625,-70.3125
22415,-4.482421875,-71.9105148
22426,-5.185546875,-70.3125
22436,-5.80078125,-55.930397
22447,-6.50390625,-70.3125
22457,-7.03125,-52.734375
22467,-7.55859375,-47.9403419
22478,-7.998046875,-43.9453125
22488,-8.4375,-39.9502831
22499,-8.7890625,-35.15625
22509,-8.96484375,-15.980114
22520,-9.140625,-17.578125
22530,-9.228515625,-8.7890625
22540,-9.31640625,-7.990057
22551,-9.228515625,8.7890625
22561,-9.052734375,15.980114
22572,-8.876953125,17.578125
22582,-8.61328125,23.970171
22593,-8.26171875,35.15625
22603,-7.822265625,43.9453125
22613,-7.3828125,39.9502831
22624,-6.85546875,52.734375
22634,-6.240234375,55.930397
22645,-5.625,61.5234375
22655,-4.921875,63.9204559
22666,-4.130859375,79.1015625
22676,-3.427734375,70.3125
22686,-2.63671875,71.9105148
22697,-1.845703125,79.1015625
22707,-1.0546875,71.9105148
22718,-0.263671875,79.1015625
22728,0.615234375,79.9005661
22739,1.40625,79.1015625
22749,2.197265625,79.1015625
22759,2.98828125,71.9105148
22770,3.69140625,70.3125
22780,4.482421875,71.9105148
22791,5.09765625,61.5234375
22801,5.712890625,55.930397
22812,6.328125,61.5234375
22822,6.85546875,52.734375
22832,7.294921875,39.9502831
22843,7.734375,43.9453125
22853,8.0859375,31.960228
22864,8.349609375,26.3671875
22874,8.525390625,17.578125
22885,8.701171875,15.980114
22895,8.7890625,8.7890625
22905,8.7890625,0
22916,8.701171875,-8.7890625
22926,8.525390625,-15.980114
22937,8.349609375,-17.578125
22947,8.0859375,-26.3671875
22957,7.734375,-31.960228
22968,7.294921875,-43.9453125
22978,6.85546875,-39.9502831
22989,6.328125,-52.734375
22999,5.712890625,-55.930397
23010,5.09765625,-61.5234375
23020,4.482421875,-61.5234375
23030,3.69140625,-71.9105148
23041,2.98828125,-70.3125
23051,2.197265625,-71.9105148
23062,1.40625,-79.1015625
23072,0.615234375,-71.9105148
23083,-0.17578125,-79.1015625
23093,-0.966796875,-79.1015625
23103,-1.7578125,-71.9105148
23114,-2.548828125,-79.1015625
23124,-3.33984375,-71.9105148
23135,-4.04296875,-70.3125
23145,-4.833984375,-71.9105148
23156,-5.44921875,-61.5234375
23166,-6.15234375,-70.3125
23176,-6.6796875,-47.9403419
23187,-7.20703125,-52.734375
23197,-7.734375,-47.9403419
23208,-8.0859375,-35.15625
23218,-8.4375,-31.960228
23229,-8.701171875,-26.3671875
23239,-8.96484375,-26.3671875
23249,-9.052734375,-7.990057
23260,-9.052734375,0
23270,-9.052734375,0
23281,-8.96484375,8.7890625
23291,-8.7890625,15.980114
23302,-8.525390625,26.3671875
23312,-8.26171875,26.3671875
23322,-7.91015625,31.960228
23333,-7.3828125,52.734375
23343,-6.943359375,39.9502831
23354,-6.328125,61.5234375
23364,-5.712890625,55.930397
23375,-5.09765625,61.5234375
23385,-4.39453125,70.3125
23395,-3.69140625,63.9204559
23406,-2.900390625,79.1015625
23416,-2.109375,71.9105148
23427,-1.318359375,79.1015625
23437,-0.52734375,79.1015625
23448,0.263671875,71.9105148
23458,1.0546875,79.1015625
23468,1.845703125,71.9105148
23479,2.63671875,79.1015625
23489,3.33984375,63.9204559
23500,4.130859375,79.1015625
23510,4.74609375,61.5234375
23520,5.361328125,55.930397
23531,5.9765625,61.5234375
23541,6.591796875,55.930397
23552,7.03125,43.9453125
23562,7.470703125,39.9502831
23573,7.822265625,35.15625
23583,8.173828125,35.15625
23593,8.349609375,15.980114
23604,8.525390625,17.578125
23614,8.61328125,7.990057
23625,8.701171875,8.7890625
23635,8.61328125,-7.990057
23646,8.525390625,-8.7890625
23656,8.349609375,-17.578125
23666,8.0859375,-23.970171
23677,7.822265625,-26.3671875
23687,7.3828125,-39.9502831
23698,6.943359375,-43.9453125
23708,6.50390625,-39.9502831
23719,5.9765625,-52.734375
23729,5.361328125,-61.5234375
23739,4.74609375,-55.930397
23750,4.04296875,-70.3125
23760,3.33984375,-63.9204559
23771,2.548828125,-79.1015625
23781,1.7578125,-71.9105148
23792,1.0546875,-70.3125
23802,0.263671875,-79.1015625
23812,-0.615234375,-79.9005661
23823,-1.40625,-79.1015625
23833,-2.109375,-63.9204559
23844,-2.900390625,-79.1015625
23854,-3.69140625,-71.9105148
23865,-4.39453125,-70.3125
23875,-5.09765625,-70.3125
23885,-5.712890625,-55.930397
23896,-6.240234375,-52.734375
23906,-6.85546875,-55.930397
23917,-7.294921875,-43.9453125
23927,-7.734375,-39.9502831
23938,-8.0859375,-35.15625
23948,-8.349609375,-26.3671875
23958,-8.701171875,-31.960228
23969,-8.7890625,-8.7890625
23979,-8.876953125,-7.990057
23990,-8.96484375,-8.7890625
24000,-8.876953125,8.7890625
24011,-8.701171875,15.980114
24021,-8.525390625,17.578125
24031,-8.26171875,23.970171
24042,-7.91015625,35.15625
24052,-7.470703125,39.9502831
24063,-7.03125,43.9453125
24073,-6.50390625,52.734375
24083,-5.888671875,55.930397
24094,-5.2734375,61.5234375
24104,-4.658203125,55.930397
24115,-3.955078125,70.3125
24125,-3.251953125,63.9204559
24136,-2.4609375,79.1015625
24146,-1.669921875,79.1015625
24156,-0.966796875,63.9204559
24167,-0.17578125,79.1015625
24177,0.615234375,71.9105148
24188,1.40625,79.1015625
24198,2.197265625,71.9105148
24209,2.900390625,70.3125
24219,3.603515625,70.3125
24229,4.306640625,63.9204559
24240,4.921875,61.5234375
24250,5.537109375,55.930397
24261,6.064453125,52.734375
24271,6.591796875,47.9403419
24282,7.119140625,52.734375
24292,7.470703125,35.15625
24302,7.822265625,31.960228
24313,7.998046875,17.578125
24323,8.26171875,23.970171
24334,8.349609375,8.7890625
24344,8.4375,7.990057
24355,8.4375,0
24365,8.349609375,-8.7890625
24375,8.173828125,-15.980114
24386,7.998046875,-17.578125
24396,7.734375,-23.970171
24407,7.3828125,-35.15625
24417,6.943359375,-39.9502831
24428,6.50390625,-43.9453125
24438,5.9765625,-52.734375
24448,5.44921875,-47.9403419
24459,4.833984375,-61.5234375
24469,4.21875,-55.930397
24480,3.515625,-70.3125
24490,2.8125,-63.9204559
24501,2.021484375,-79.1015625
24511,1.23046875,-79.1015625
24521,0.52734375,-63.9204559
24532,-0.263671875,-79.1015625
24542,-1.0546875,-71.9105148
24553,-1.7578125,-70.3125
24563,-2.548828125,-71.9105148
24574,-3.251953125,-70.3125
24584,-4.04296875,-79.1015625
24594,-4.74609375,-63.9204559
24605,-5.361328125,-61.5234375
24615,-5.9765625,-55.930397
24626,-6.50390625,-52.734375
24636,-7.03125,-52.734375
24646,-7.470703125,-39.9502831
24657,-7.822265625,-35.15625
24667,-8.173828125,-31.960228
24678,-8.4375,-26.3671875
24688,-8.61328125,-15.980114
24699,-8.701171875,-8.7890625
24709,-8.7890625,-8.7890625
24719,-8.701171875,7.990057
24730,-8.61328125,8.7890625
24740,-8.4375,15.980114
24751,-8.173828125,26.3671875
24761,-7.91015625,23.970171
24772,-7.55859375,35.15625
24782,-7.03125,52.734375
24792,-6.591796875,39.9502831
24803,-6.064453125,52.734375
24813,-5.44921875,55.930397
24824,-4.833984375,61.5234375
24834,-4.130859375,63.9204559
24845,-3.427734375,70.3125
24855,-2.724609375,70.3125
24865,-2.021484375,63.9204559
24876,-1.23046875,79.1015625
24886,-0.439453125,71.9105148
24897,0.3515625,79.1015625
24907,1.0546875,63.9204559
24918,1.845703125,79.1015625
24928,2.548828125,70.3125
24938,3.33984375,71.9105148
24949,3.955078125,61.5234375
24959,4.658203125,63.9204559
24970,5.2734375,61.5234375
24980,5.80078125,47.9403419
24991,6.328125,52.734375
25001,6.767578125,43.9453125
25011,7.119140625,31.960228
25022,7.470703125,35.15625
25032,7.822265625,31.960228
25043,7.998046875,17.578125
25053,8.173828125,15.980114
25064,8.26171875,8.7890625
25074,8.26171875,0
25084,8.26171875,0
25095,8.0859375,-17.578125
25105,7.91015625,-15.980114
25116,7.646484375,-26.3671875
25126,7.3828125,-23.970171
25137,7.03125,-35.15625
25147,6.591796875,-43.9453125
25157,6.064453125,-47.9403419
25168,5.537109375,-52.734375
25178,5.009765625,-47.9403419
25189,4.306640625,-70.3125
25199,3.603515625,-70.3125
25209,2.98828125,-55.930397
25220,2.28515625,-70.3125
25230,1.494140625,-71.9105148
25241,0.791015625,-70.3125
25251,0,-71.9105148
25262,-0.791015625,-79.1015625
25272,-1.494140625,-70.3125
25282,-2.28515625,-71.9105148
25293,-2.98828125,-70.3125
25303,-3.69140625,-63.9204559
25314,-4.39453125,-70.3125
25324,-5.09765625,-63.9204559
25335,-5.625,-52.734375
25345,-6.240234375,-61.5234375
25355,-6.767578125,-47.9403419
25366,-7.20703125,-43.9453125
25376,-7.55859375,-31.960228
25387,-7.91015625,-35.15625
25397,-8.173828125,-23.970171
25408,-8.349609375,-17.578125
25418,-8.525390625,-17.578125
25428,-8.61328125,-7.990057
25439,-8.61328125,0
25449,-8.525390625,7.990057
25460,-8.349609375,17.578125
25470,-8.173828125,15.980114
25481,-7.91015625,26.3671875
25491,-7.55859375,35.15625
25501,-7.119140625,39.9502831
25512,-6.6796875,43.9453125
25522,-6.15234375,47.9403419
25533,-5.625,52.734375
25543,-5.009765625,55.930397
25554,-4.306640625,70.3125
25564,-3.69140625,61.5234375
25574,-2.98828125,63.9204559
25585,-2.197265625,79.1015625
25595,-1.494140625,63.9204559
25606,-0.703125,79.1015625
25616,0,63.9204559
25627,0.791015625,79.1015625
25637,1.58203125,79.1015625
25647,2.28515625,63.9204559
25658,2.98828125,70.3125
25668,3.603515625,55.930397
25679,4.306640625,70.3125
25689,4.921875,55.930397
25700,5.44921875,52.734375
25710,5.9765625,52.734375
25720,6.50390625,47.9403419
25731,6.943359375,43.9453125
25741,7.294921875,31.960228
25752,7.55859375,26.3671875
25762,7.822265625,26.3671875
25773,7.998046875,15.980114
25783,8.0859375,8.7890625
25793,8.0859375,0
25804,8.0859375,0
25814,7.998046875,-7.990057
25825,7.822265625,-17.578125
25835,7.646484375,-17.578125
25845,7.3828125,-23.970171
25856,7.03125,-35.15625
25866,6.591796875,-39.9502831
25877,6.15234375,-43.9453125
25887,5.625,-47.9403419
25898,5.09765625,-52.734375
25908,4.482421875,-61.5234375
25918,3.8671875,-55.930397
25929,3.1640625,-70.3125
25939,2.4609375,-63.9204559
25950,1.7578125,-70.3125
25960,1.0546875,-63.9204559
25971,0.263671875,-79.1015625
25981,-0.439453125,-70.3125
25991,-1.23046875,-71.9105148
26002,-1.93359375,-70.3125
26012,-2.724609375,-71.9105148
26023,-3.33984375,-61.5234375
26033,-4.04296875,-63.9204559
26044,-4.658203125,-61.5234375
26054,-5.2734375,-61.5234375
26064,-5.888671875,-55.930397
26075,-6.328125,-43.9453125
26085,-6.85546875,-47.9403419
26096,-7.20703125,-35.15625
26106,-7.55859375,-31.960228
26117,-7.91015625,-35.15625
26127,-8.0859375,-17.578125
26137,-8.26171875,-15.980114
26148,-8.349609375,-8.7890625
26158,-8.349609375,0
26169,-8.349609375,0
26179,-8.173828125,15.980114
26190,-7.998046875,17.578125
26200,-7.734375,26.3671875
26210,-7.3828125,31.960228
26221,-7.03125,35.15625
26231,-6.591796875,39.9502831
26242,-6.064453125,52.734375
26252,-5.537109375,47.9403419
26263,-5.009765625,52.734375
26273,-4.39453125,61.5234375
26283,-3.69140625,63.9204559
26294,-2.98828125,70.3125
26304,-2.28515625,63.9204559
26315,-1.58203125,70.3125
26325,-0.87890625,70.3125
26336,-0.17578125,63.9204559
26346,0.615234375,79.1015625
26356,1.318359375,63.9204559
26367,2.109375,79.1015625
26377,2.724609375,55.930397
26388,3.427734375,70.3125
26398,4.04296875,61.5234375
26408,4.658203125,55.930397
26419,5.2734375,61.5234375
26429,5.80078125,47.9403419
26440,6.240234375,43.9453125
26450,6.6796875,39.9502831
26461,7.03125,35.15625
26471,7.294921875,26.3671875
26481,7.55859375,23.970171
26492,7.734375,17.578125
26502,7.822265625,7.990057
26513,7.91015625,8.7890625
26523,7.91015625,0
26534,7.822265625,-8.7890625
26544,7.734375,-8.7890625
26554,7.470703125,-23.970171
26565,7.294921875,-17.578125
26575,6.943359375,-31.960228
26586,6.591796875,-35.15625
26596,6.064453125,-47.9403419
26607,5.625,-43.9453125
26617,5.09765625,-52.734375
26627,4.482421875,-55.930397
26638,3.955078125,-52.734375
26648,3.251953125,-63.9204559
26659,2.63671875,-61.5234375
26669,1.93359375,-63.9204559
26680,1.23046875,-70.3125
26690,0.439453125,-79.1015625
26700,-0.263671875,-63.9204559
26711,-0.966796875,-70.3125
26721,-1.669921875,-63.9204559
26732,-2.4609375,-79.1015625
26742,-3.076171875,-55.930397
26753,-3.779296875,-70.3125
26763,-4.39453125,-61.5234375
26773,-5.009765625,-55.930397
26784,-5.537109375,-52.734375
26794,-6.064453125,-47.9403419
26805,-6.50390625,-43.9453125
26815,-6.943359375,-39.9502831
26826,-7.294921875,-35.15625
26836,-7.55859375,-26.3671875
26846,-7.822265625,-23.970171
26857,-7.998046875,-17.578125
26867,-8.0859375,-7.990057
26878,-8.0859375,0
26888,-8.0859375,0
26899,-7.998046875,7.990057
26909,-7.734375,26.3671875
26919,-7.55859375,15.980114
26930,-7.20703125,35.15625
26940,-6.85546875,31.960228
26951,-6.416015625,43.9453125
26961,-5.9765625,43.9453125
26971,-5.44921875,47.9403419
26982,-4.921875,52.734375
26992,-4.306640625,55.930397
27003,-3.69140625,61.5234375
27013,-3.076171875,55.930397
27024,-2.28515625,79.1015625
27034,-1.58203125,70.3125
27044,-0.87890625,63.9204559
27055,-0.17578125,70.3125
27065,0.52734375,63.9204559
27076,1.23046875,70.3125
27086,1.93359375,63.9204559
27097,2.63671875,70.3125
27107,3.33984375,70.3125
27117,3.955078125,55.930397
27128,4.5703125,61.5234375
27138,5.09765625,47.9403419
27149,5.625,52.734375
27159,6.064453125,39.9502831
27170,6.50390625,43.9453125
27180,6.85546875,35.15625
27190,7.20703125,31.960228
27201,7.470703125,26.3671875
27211,7.646484375,15.980114
27222,7.734375,8.7890625
27232,7.822265625,7.990057
27243,7.822265625,0
27253,7.822265625,0
27263,7.646484375,-15.980114
27274,7.470703125,-17.578125
27284,7.20703125,-23.970171
27295,6.943359375,-26.3671875
27305,6.591796875,-31.960228
27316,6.15234375,-43.9453125
27326,5.625,-52.734375
27336,5.185546875,-39.9502831
27347,4.5703125,-61.5234375
27357,3.955078125,-55.930397
27368,3.33984375,-61.5234375
27378,2.724609375,-55.930397
27389,2.021484375,-70.3125
27399,1.318359375,-70.3125
27409,0.615234375,-63.9204559
27420,-0.17578125,-79.1015625
27430,-0.87890625,-63.9204559
27441,-1.494140625,-61.5234375
27451,-2.197265625,-70.3125
27462,-2.98828125,-71.9105148
27472,-3.603515625,-61.5234375
27482,-4.21875,-55.930397
27493,-4.833984375,-61.5234375
27503,-5.361328125,-47.9403419
27514,-5.888671875,-52.734375
27524,-6.416015625,-52.734375
27534,-6.85546875,-39.9502831
27545,-7.20703125,-35.15625
27555,-7.470703125,-23.970171
27566,-7.734375,-26.3671875
27576,-7.91015625,-15.980114
27587,-7.998046875,-8.7890625
27597,-8.0859375,-8.7890625
27607,-8.0859375,0
27618,-7.998046875,8.7890625
27628,-7.822265625,15.980114
27639,-7.646484375,17.578125
27649,-7.3828125,23.970171
27660,-7.03125,35.15625
27670,-6.591796875,43.9453125
27680,-6.15234375,39.9502831
27691,-5.712890625,43.9453125
27701,-5.09765625,55.930397
27712,-4.5703125,52.734375
27722,-3.955078125,55.930397
27733,-3.251953125,70.3125
27743,-2.63671875,61.5234375
27753,-1.93359375,63.9204559
27764,-1.23046875,70.3125
27774,-0.52734375,63.9204559
27785,0.17578125,70.3125
27795,0.87890625,63.9204559
27806,1.58203125,70.3125
27816,2.28515625,70.3125
27826,2.900390625,55.930397
27837,3.515625,61.5234375
27847,4.130859375,55.930397
27858,4.74609375,61.5234375
27868,5.2734375,47.9403419
27879,5.80078125,52.734375
27889,6.15234375,35.15625
27899,6.591796875,39.9502831
27910,6.943359375,35.15625
27920,7.119140625,15.980114
27931,7.3828125,26.3671875
27941,7.55859375,15.980114
27952,7.646484375,8.7890625
27962,7.646484375,0
27972,7.646484375,0
27983,7.470703125,-17.578125
27993,7.3828125,-7.990057
28004,7.119140625,-26.3671875
28014,6.85546875,-26.3671875
28025,6.50390625,-31.960228
28035,6.15234375,-35.15625
28045,5.712890625,-39.9502831
28056,5.185546875,-52.734375
28066,4.658203125,-47.9403419
28077,4.130859375,-52.734375
28087,3.427734375,-70.3125
28097,2.900390625,-47.9403419
28108,2.197265625,-70.3125
28118,1.494140625,-63.9204559
28129,0.791015625,-70.3125
28139,0.087890625,-63.9204559
28150,-0.615234375,-70.3125
28160,-1.318359375,-70.3125
28170,-2.021484375,-63.9204559
28181,-2.724609375,-70.3125
28191,-3.33984375,-55.930397
28202,-4.04296875,-70.3125
28212,-4.5703125,-47.9403419
28223,-5.185546875,-61.5234375
28233,-5.712890625,-52.734375
28243,-6.15234375,-39.9502831
28254,-6.591796875,-43.9453125
28264,-6.943359375,-31.960228
28275,-7.294921875,-35.15625
28285,-7.55859375,-23.970171
28296,-7.734375,-17.578125
28306,-7.91015625,-17.578125
28316,-7.998046875,-7.990057
28327,-7.998046875,0
28337,-7.91015625,7.990057
28348,-7.734375,17.578125
28358,-7.646484375,7.990057
28369,-7.3828125,26.3671875
28379,-7.03125,35.15625
28389,-6.6796875,31.960228
28400,-6.240234375,43.9453125
28410,-5.80078125,39.9502831
28421,-5.185546875,61.5234375
28431,-4.658203125,47.9403419
28442,-4.130859375,52.734375
28452,-3.427734375,70.3125
28462,-2.8125,55.930397
28473,-2.109375,70.3125
28483,-1.494140625,55.930397
28494,-0.791015625,70.3125
28504,-0.087890625,63.9204559
28515,0.615234375,70.3125
28525,1.318359375,70.3125
28535,2.021484375,63.9204559
28546,2.63671875,61.5234375
28556,3.33984375,63.9204559
28567,3.8671875,52.734375
28577,4.482421875,55.930397
28588,5.009765625,52.734375
28598,5.537109375,52.734375
28608,5.9765625,39.9502831
28619,6.328125,35.15625
28629,6.6796875,31.960228
28640,7.03125,35.15625
28650,7.20703125,17.578125
28660,7.3828125,15.980114
28671,7.470703125,8.7890625
28681,7.55859375,7.990057
28692,7.55859375,0
28702,7.470703125,-7.990057
28713,7.294921875,-17.578125
28723,7.119140625,-17.578125
28733,6.85546875,-23.970171
28744,6.591796875,-26.3671875
28754,6.240234375,-31.960228
28765,5.80078125,-43.9453125
28775,5.361328125,-39.9502831
28786,4.833984375,-52.734375
28796,4.306640625,-52.734375
28806,3.69140625,-55.930397
28817,3.076171875,-61.5234375
28827,2.4609375,-55.930397
28838,1.7578125,-70.3125
28848,1.142578125,-55.930397
28859,0.439453125,-70.3125
28869,-0.3515625,-79.1015625
28879,-0.966796875,-55.930397
28890,-1.669921875,-70.3125
28900,-2.28515625,-55.930397
28911,-2.98828125,-70.3125
28921,-3.603515625,-55.930397
28932,-4.21875,-61.5234375
28942,-4.833984375,-61.5234375
28952,-5.361328125,-47.9403419
28963,-5.80078125,-43.9453125
28973,-6.240234375,-39.9502831
28984,-6.6796875,-43.9453125
28994,-6.943359375,-23.970171
29005,-7.294921875,-35.15625
29015,-7.470703125,-17.578125
29025,-7.646484375,-15.980114
29036,-7.734375,-8.7890625
29046,-7.734375,0
29057,-7.734375,0
29067,-7.646484375,7.990057
29078,-7.470703125,17.578125
29088,-7.20703125,26.3671875
29098,-6.943359375,23.970171
29109,-6.6796875,26.3671875
29119,-6.240234375,39.9502831
29130,-5.80078125,43.9453125
29140,-5.2734375,47.9403419
29151,-4.74609375,52.734375
29161,-4.21875,52.734375
29171,-3.603515625,55.930397
29182,-2.98828125,61.5234375
29192,-2.28515625,63.9204559
29203,-1.669921875,61.5234375
29213,-0.966796875,70.3125
29223,-0.263671875,63.9204559
29234,0.439453125,70.3125
29244,1.0546875,55.930397
29255,1.7578125,70.3125
29265,2.373046875,55.930397
29276,2.98828125,61.5234375
29286,3.603515625,61.5234375
29296,4.21875,55.930397
29307,4.74609375,52.734375
29317,5.2734375,47.9403419
29328,5.712890625,43.9453125
29338,6.064453125,31.960228
29349,6.50390625,43.9453125
29359,6.6796875,17.578125
29369,6.943359375,23.970171
29380,7.119140625,17.578125
29390,7.294921875,15.980114
29401,7.3828125,8.7890625
29411,7.3828125,0
29422,7.294921875,-8.7890625
29432,7.119140625,-17.578125
29442,7.03125,-7.990057
29453,6.767578125,-26.3671875
29463,6.50390625,-23.970171
29474,6.15234375,-35.15625
29484,5.712890625,-39.9502831
29495,5.2734375,-43.9453125
29505,4.833984375,-43.9453125
29515,4.306640625,-47.9403419
29526,3.69140625,-61.5234375
29536,3.1640625,-47.9403419
29547,2.4609375,-70.3125
29557,1.845703125,-55.930397
29568,1.23046875,-61.5234375
29578,0.52734375,-70.3125
29588,-0.17578125,-63.9204559
29599,-0.87890625,-70.3125
29609,-1.494140625,-55.930397
29620,-2.197265625,-70.3125
29630,-2.8125,-55.930397
29641,-3.427734375,-61.5234375
29651,-4.04296875,-61.5234375
29661,-4.5703125,-47.9403419
29672,-5.185546875,-61.5234375
29682,-5.625,-39.9502831
29693,-6.064453125,-43.9453125
29703,-6.50390625,-39.9502831
29714,-6.85546875,-35.15625
29724,-7.119140625,-26.3671875
29734,-7.3828125,-23.970171
29745,-7.55859375,-17.578125
29755,-7.646484375,-7.990057
29766,-7.734375,-8.7890625
29776,-7.646484375,8.7890625
29787,-7.55859375,7.990057
29797,-7.470703125,8.7890625
29807,-7.20703125,23.970171
29818,-6.943359375,26.3671875
29828,-6.6796875,23.970171
29839,-6.328125,35.15625
29849,-5.80078125,52.734375
29859,-5.361328125,39.9502831
29870,-4.921875,43.9453125
29880,-4.306640625,55.930397
29891,-3.779296875,52.734375
29901,-3.1640625,55.930397
29912,-2.4609375,70.3125
29922,-1.845703125,61.5234375
29932,-1.142578125,63.9204559
29943,-0.52734375,61.5234375
29953,0.17578125,63.9204559
29964,0.87890625,70.3125
29974,1.494140625,55.930397
29985,2.197265625,70.3125
29995,2.8125,61.5234375
30005,3.427734375,55.930397
30016,3.955078125,52.734375
30026,4.482421875,47.9403419
30037,5.009765625,52.734375
30047,5.44921875,39.9502831
30058,5.888671875,43.9453125
30068,6.240234375,35.15625
30078,6.591796875,31.960228
30089,6.767578125,17.578125
30099,7.03125,23.970171
30110,7.119140625,8.7890625
30120,7.294921875,15.980114
30131,7.294921875,0
30141,7.20703125,-8.7890625
30151,7.119140625,-7.990057
30162,6.943359375,-17.578125
30172,6.767578125,-15.980114
30183,6.50390625,-26.3671875
30193,6.15234375,-31.960228
30204,5.80078125,-35.15625
30214,5.361328125,-43.9453125
30224,4.921875,-39.9502831
30235,4.39453125,-52.734375
30245,3.8671875,-47.9403419
30256,3.251953125,-61.5234375
30266,2.724609375,-47.9403419
30277,2.021484375,-70.3125
30287,1.40625,-61.5234375
30297,0.791015625,-55.930397
30308,0.087890625,-70.3125
30318,-0.615234375,-63.9204559
30329,-1.318359375,-70.3125
30339,-1.93359375,-61.5234375
30350,-2.548828125,-55.930397
30360,-3.1640625,-61.5234375
30370,-3.779296875,-55.930397
30381,-4.39453125,-61.5234375
30391,-4.921875,-47.9403419
30402,-5.44921875,-52.734375
30412,-5.888671875,-43.9453125
30422,-6.240234375,-31.960228
30433,-6.591796875,-35.15625
30443,-6.943359375,-31.960228
30454,-7.20703125,-26.3671875
30464,-7.3828125,-15.980114
30475,-7.470703125,-8.7890625
30485,-7.55859375,-8.7890625
30495,-7.55859375,0
30506,-7.470703125,8.7890625
30516,-7.3828125,7.990057
30527,-7.20703125,17.578125
30537,-6.943359375,23.970171
30548,-6.591796875,35.15625
30558,-6.328125,26.3671875
30568,-5.888671875,39.9502831
30579,-5.44921875,43.9453125
30589,-4.921875,47.9403419
30600,-4.39453125,52.734375
30610,-3.8671875,47.9403419
30621,-3.251953125,61.5234375
30631,-2.63671875,61.5234375
30641,-2.021484375,55.930397
30652,-1.40625,61.5234375
30662,-0.703125,63.9204559
30673,0,70.3125
30683,0.615234375,55.930397
30694,1.318359375,70.3125
30704,1.93359375,61.5234375
30714,2.548828125,55.930397
30725,3.1640625,61.5234375
30735,3.779296875,55.930397
30746,4.306640625,52.734375
30756,4.74609375,39.9502831
30767,5.2734375,52.734375
30777,5.625,35.15625
30787,5.9765625,31.960228
30798,6.416015625,43.9453125
30808,6.591796875,15.980114
30819,6.85546875,26.3671875
30829,7.03125,15.980114
30840,7.119140625,8.7890625
30850,7.119140625,0
30860,7.119140625,0
30871,7.03125,-8.7890625
30881,6.943359375,-7.990057
30892,6.6796875,-26.3671875
30902,6.50390625,-17.578125
30913,6.15234375,-31.960228
30923,5.80078125,-35.15625
30933,5.44921875,-31.960228
30944,4.921875,-52.734375
30954,4.482421875,-39.9502831
30965,3.955078125,-52.734375
30975,3.427734375,-52.734375
30985,2.8125,-55.930397
30996,2.197265625,-61.5234375
31006,1.58203125,-55.930397
31017,0.966796875,-61.5234375
31027,0.263671875,-63.9204559
31038,-0.3515625,-61.5234375
31048,-1.0546875,-70.3125
31058,-1.669921875,-55.930397
31069,-2.373046875,-70.3125
31079,-2.98828125,-55.930397
31090,-3.515625,-52.734375
31100,-4.130859375,-55.930397
31111,-4.658203125,-52.734375
31121,-5.185546875,-52.734375
31131,-5.625,-39.9502831
31142,-6.064453125,-43.9453125
31152,-6.416015625,-31.960228
31163,-6.767578125,-35.15625
31173,-6.943359375,-15.980114
31184,-7.20703125,-26.3671875
31194,-7.294921875,-8.7890625
31204,-7.470703125,-15.980114
31215,-7.470703125,0
31225,-7.3828125,7.990057
31236,-7.294921875,8.7890625
31246,-7.119140625,15.980114
31257,-6.943359375,17.578125
31267,-6.6796875,26.3671875
31277,-6.328125,31.960228
31288,-5.888671875,43.9453125
31298,-5.537109375,31.960228
31309,-5.009765625,52.734375
31319,-4.5703125,39.9502831
31330,-3.955078125,61.5234375
31340,-3.427734375,52.734375
31350,-2.8125,55.930397
31361,-2.197265625,61.5234375
31371,-1.494140625,63.9204559
31382,-0.87890625,61.5234375
31392,-0.263671875,55.930397
31403,0.439453125,70.3125
31413,1.0546875,61.5234375
31423,1.669921875,55.930397
31434,2.28515625,61.5234375
31444,2.900390625,55.930397
31455,3.515625,61.5234375
31465,4.04296875,52.734375
31476,4.5703125,47.9403419
31486,5.009765625,43.9453125
31496,5.44921875,39.9502831
31507,5.80078125,35.15625
31517,6.15234375,31.960228
31528,6.416015625,26.3671875
31538,6.6796875,26.3671875
31548,6.85546875,15.980114
31559,6.943359375,8.7890625
31569,7.03125,7.990057
31580,7.03125,0
31590,6.943359375,-7.990057
31601,6.85546875,-8.7890625
31611,6.6796875,-17.578125
31621,6.416015625,-23.970171
31632,6.15234375,-26.3671875
31642,5.80078125,-31.960228
31653,5.44921875,-35.15625
31663,5.009765625,-39.9502831
31674,4.5703125,-43.9453125
31684,4.04296875,-52.734375
31694,3.515625,-47.9403419
31705,2.98828125,-52.734375
31715,2.373046875,-55.930397
31726,1.7578125,-61.5234375
31736,1.142578125,-55.930397
31747,0.439453125,-70.3125
31757,-0.17578125,-61.5234375
31767,-0.87890625,-63.9204559
31778,-1.494140625,-61.5234375
31788,-2.109375,-55.930397
31799,-2.724609375,-61.5234375
31809,-3.33984375,-55.930397
31820,-3.8671875,-52.734375
31830,-4.482421875,-61.5234375
31840,-4.921875,-39.9502831
31851,-5.361328125,-43.9453125
31861,-5.80078125,-39.9502831
31872,-6.15234375,-35.15625
31882,-6.50390625,-31.960228
31893,-6.767578125,-26.3671875
31903,-6.943359375,-17.578125
31913,-7.119140625,-15.980114
31924,-7.20703125,-8.7890625
31934,-7.294921875,-7.990057
31945,-7.20703125,8.7890625
31955,-7.20703125,0
31966,-7.03125,17.578125
31976,-6.85546875,17.578125
31986,-6.591796875,23.970171
31997,-6.240234375,35.15625
32007,-5.888671875,31.960228
32018,-5.44921875,43.9453125
32028,-5.009765625,43.9453125
32039,-4.5703125,39.9502831
32049,-4.04296875,52.734375
32059,-3.515625,47.9403419
32070,-2.900390625,61.5234375
32080,-2.28515625,55.930397
32091,-1.669921875,61.5234375
32101,-1.0546875,61.5234375
32111,-0.3515625,63.9204559
32122,0.263671875,61.5234375
32132,0.87890625,55.930397
32143,1.58203125,70.3125
32153,2.197265625,55.930397
32164,2.724609375,52.734375
32174,3.33984375,61.5234375
32184,3.8671875,47.9403419
32195,4.39453125,52.734375
32205,4.833984375,39.9502831
32216,5.2734375,43.9453125
32226,5.625,31.960228
32237,5.9765625,35.15625
32247,6.328125,35.15625
32257,6.591796875,23.970171
32268,6.767578125,17.578125
32278,6.85546875,7.990057
32289,6.943359375,8.7890625
32299,6.943359375,0
32310,6.943359375,0
32320,6.85546875,-8.7890625
32330,6.6796875,-15.980114
32341,6.50390625,-17.578125
32351,6.240234375,-23.970171
32362,5.888671875,-35.15625
32372,5.537109375,-31.960228
32383,5.185546875,-35.15625
32393,4.74609375,-43.9453125
32403,4.21875,-47.9403419
32414,3.69140625,-52.734375
32424,3.1640625,-47.9403419
32435,2.548828125,-61.5234375
32445,1.93359375,-55.930397
32456,1.318359375,-61.5234375
32466,0.703125,-61.5234375
32476,0.087890625,-55.930397
32487,-0.52734375,-61.5234375
32497,-1.142578125,-55.930397
32508,-1.845703125,-70.3125
32518,-2.4609375,-55.930397
32529,-2.98828125,-52.734375
32539,-3.603515625,-61.5234375
32549,-4.130859375,-47.9403419
32560,-4.658203125,-52.734375
32570,-5.09765625,-39.9502831
32581,-5.537109375,-43.9453125
32591,-5.888671875,-31.960228
32602,-6.240234375,-35.15625
32612,-6.591796875,-35.15625
32622,-6.767578125,-15.980114
32633,-6.943359375,-17.578125
32643,-7.03125,-7.990057
32654,-7.119140625,-8.7890625
32664,-7.119140625,0
32674,-7.03125,7.990057
32685,-6.943359375,8.7890625
32695,-6.767578125,15.980114
32706,-6.50390625,26.3671875
32716,-6.240234375,23.970171
32727,-5.888671875,35.15625
32737,-5.537109375,35.15625
32747,-5.09765625,39.9502831
32758,-4.658203125,43.9453125
32768,-4.130859375,47.9403419
32779,-3.603515625,52.734375
32789,-3.076171875,47.9403419
32800,-2.4609375,61.5234375
32810,-1.845703125,61.5234375
32820,-1.23046875,55.930397
32831,-0.615234375,61.5234375
32841,0,55.930397
32852,0.615234375,61.5234375
32862,1.318359375,63.9204559
32873,1.93359375,61.5234375
32883,2.548828125,61.5234375
32893,3.076171875,47.9403419
32904,3.603515625,52.734375
32914,4.130859375,47.9403419
32925,4.5703125,43.9453125
32935,5.009765625,39.9502831
32946,5.44921875,43.9453125
32956,5.80078125,35.15625
32966,6.064453125,23.970171
32977,6.416015625,35.15625
32987,6.591796875,15.980114
32998,6.6796875,8.7890625
33008,6.767578125,7.990057
33019,6.85546875,8.7890625
33029,6.767578125,-8.7890625
33039,6.767578125,0
33050,6.591796875,-17.578125
33060,6.50390625,-7.990057
33071,6.15234375,-35.15625
33081,5.888671875,-23.970171
33092,5.537109375,-35.15625
33102,5.185546875,-35.15625
33112,4.74609375,-39.9502831
33123,4.306640625,-43.9453125
33133,3.779296875,-47.9403419
33144,3.251953125,-52.734375
33154,2.724609375,-47.9403419
33165,2.109375,-61.5234375
33175,1.494140625,-61.5234375
33185,0.87890625,-55.930397
33196,0.263671875,-61.5234375
33206,-0.3515625,-55.930397
33217,-0.966796875,-61.5234375
33227,-1.58203125,-61.5234375
33237,-2.197265625,-55.930397
33248,-2.8125,-61.5234375
33258,-3.33984375,-47.9403419
33269,-3.955078125,-61.5234375
33279,-4.39453125,-39.9502831
33290,-4.921875,-52.734375
33300,-5.361328125,-43.9453125
33310,-5.712890625,-31.960228
33321,-6.064453125,-35.15625
33331,-6.416015625,-31.960228
33342,-6.591796875,-17.578125
33352,-6.85546875,-23.970171
33363,-6.943359375,-8.7890625
33373,-7.03125,-8.7890625
33383,-7.03125,0
33394,-6.943359375,8.7890625
33404,-6.943359375,0
33415,-6.767578125,17.578125
33425,-6.50390625,23.970171
33436,-6.240234375,26.3671875
33446,-5.9765625,26.3671875
33456,-5.625,31.960228
33467,-5.185546875,43.9453125
33477,-4.74609375,39.9502831
33488,-4.306640625,43.9453125
33498,-3.779296875,47.9403419
33509,-3.251953125,52.734375
33519,-2.63671875,61.5234375
33529,-2.021484375,55.930397
33540,-1.40625,61.5234375
33550,-0.791015625,55.930397
33561,-0.17578125,61.5234375
33571,0.439453125,55.930397
33582,1.0546875,61.5234375
33592,1.669921875,61.5234375
33602,2.28515625,55.930397
33613,2.8125,52.734375
33623,3.33984375,47.9403419
33634,3.8671875,52.734375
33644,4.39453125,47.9403419
33655,4.833984375,43.9453125
33665,5.185546875,35.15625
33675,5.537109375,31.960228
33686,5.888671875,35.15625
33696,6.15234375,23.970171
33707,6.416015625,26.3671875
33717,6.591796875,15.980114
33728,6.6796875,8.7890625
33738,6.6796875,0
33748,6.6796875,0
33759,6.6796875,0
33769,6.591796875,-7.990057
33780,6.416015625,-17.578125
33790,6.15234375,-26.3671875
33800,5.888671875,-23.970171
33811,5.537109375,-35.15625
33821,5.2734375,-23.970171
33832,4.833984375,-43.9453125
33842,4.39453125,-39.9502831
33853,3.8671875,-52.734375
33863,3.33984375,-52.734375
33873,2.8125,-47.9403419
33884,2.28515625,-52.734375
33894,1.669921875,-55.930397
33905,1.0546875,-61.5234375
33915,0.439453125,-55.930397
33926,-0.17578125,-61.5234375
33936,-0.791015625,-61.5234375
33946,-1.40625,-55.930397
33957,-2.021484375,-61.5234375
33967,-2.548828125,-47.9403419
33978,-3.1640625,-61.5234375
33988,-3.69140625,-47.9403419
33999,-4.21875,-52.734375
34009,-4.658203125,-43.9453125
34019,-5.185546875,-47.9403419
34030,-5.537109375,-35.15625
34040,-5.888671875,-31.960228
34051,-6.15234375,-26.3671875
34061,-6.416015625,-23.970171
34072,-6.6796875,-26.3671875
34082,-6.85546875,-17.578125
34092,-6.943359375,-7.990057
34103,-6.943359375,0
34113,-6.943359375,0
34124,-6.85546875,8.7890625
34134,-6.767578125,7.990057
34145,-6.50390625,26.3671875
34155,-6.328125,17.578125
34165,-6.064453125,23.970171
34176,-5.712890625,35.15625
34186,-5.2734375,39.9502831
34197,-4.921875,35.15625
34207,-4.39453125,47.9403419
34218,-3.955078125,43.9453125
34228,-3.33984375,61.5234375
34238,-2.8125,47.9403419
34249,-2.28515625,52.734375
34259,-1.669921875,55.930397
34270,-1.0546875,61.5234375
34280,-0.439453125,55.930397
34291,0.17578125,61.5234375
34301,0.791015625,61.5234375
34311,1.40625,55.930397
34322,1.93359375,52.734375
34332,2.548828125,55.930397
34343,3.076171875,52.734375
34353,3.603515625,52.734375
34364,4.130859375,47.9403419
34374,4.5703125,43.9453125
34384,4.921875,31.960228
34395,5.361328125,43.9453125
34405,5.625,23.970171
34416,5.9765625,35.15625
34426,6.15234375,17.578125
34436,6.328125,15.980114
34447,6.50390625,17.578125
34457,6.591796875,7.990057
34468,6.591796875,0
34478,6.591796875,0
34489,6.50390625,-8.7890625
34499,6.328125,-17.578125
34509,6.15234375,-15.980114
34520,5.888671875,-26.3671875
34530,5.625,-23.970171
34541,5.2734375,-35.15625
34551,4.833984375,-39.9502831
34562,4.482421875,-35.15625
34572,3.955078125,-52.734375
34582,3.515625,-39.9502831
34593,2.98828125,-52.734375
34603,2.4609375,-47.9403419
34614,1.845703125,-61.5234375
34624,1.318359375,-47.9403419
34635,0.703125,-61.5234375
34645,0.087890625,-61.5234375
34655,-0.52734375,-55.930397
34666,-1.142578125,-61.5234375
34676,-1.7578125,-55.930397
34687,-2.28515625,-52.734375
34697,-2.900390625,-55.930397
34708,-3.427734375,-52.734375
34718,-3.955078125,-52.734375
34728,-4.39453125,-39.9502831
34739,-4.833984375,-43.9453125
34749,-5.2734375,-39.9502831
34760,-5.625,-35.15625
34770,-5.9765625,-31.960228
34781,-6.240234375,-26.3671875
34791,-6.416015625,-17.578125
34801,-6.591796875,-15.980114
34812,-6.767578125,-17.578125
34822,-6.767578125,0
34833,-6.767578125,0
34843,-6.6796875,7.990057
34854,-6.591796875,8.7890625
34864,-6.416015625,17.578125
34874,-6.240234375,15.980114
34885,-5.9765625,26.3671875
34895,-5.625,31.960228
34906,-5.2734375,35.15625
34916,-4.921875,35.15625
34927,-4.482421875,39.9502831
34937,-3.955078125,52.734375
34947,-3.427734375,47.9403419
34958,-2.900390625,52.734375
34968,-2.373046875,47.9403419
34979,-1.7578125,61.5234375
34989,-1.23046875,52.734375
34999,-0.615234375,55.930397
35010,0,61.5234375
35020,0.615234375,55.930397
35031,1.142578125,52.734375
35041,1.7578125,55.930397
35052,2.28515625,52.734375
35062,2.900390625,61.5234375
35072,3.33984375,39.9502831
35083,3.8671875,52.734375
35093,4.306640625,39.9502831
35104,4.74609375,43.9453125
35114,5.09765625,31.960228
35125,5.44921875,35.15625
35135,5.712890625,26.3671875
35145,5.9765625,23.970171
35156,6.15234375,17.578125
35166,6.328125,15.980114
35177,6.416015625,8.7890625
35187,6.416015625,0
35198,6.416015625,0
35208,6.328125,-8.7890625
35218,6.15234375,-15.980114
35229,5.9765625,-17.578125
35239,5.80078125,-15.980114
35250,5.537109375,-26.3671875
35260,5.185546875,-31.960228
35271,4.833984375,-35.15625
35281,4.482421875,-35.15625
35291,3.955078125,-47.9403419
35302,3.515625,-43.9453125
35312,2.98828125,-47.9403419
35323,2.4609375,-52.734375
35333,1.93359375,-47.9403419
35344,1.40625,-52.734375
35354,0.791015625,-61.5234375
35364,0.263671875,-47.9403419
35375,-0.3515625,-61.5234375
35385,-0.966796875,-55.930397
35396,-1.58203125,-61.5234375
35406,-2.109375,-47.9403419
35417,-2.724609375,-61.5234375
35427,-3.251953125,-52.734375
35437,-3.69140625,-39.9502831
35448,-4.21875,-52.734375
35458,-4.658203125,-39.9502831
35469,-5.09765625,-43.9453125
35479,-5.44921875,-35.15625
35490,-5.80078125,-31.960228
35500,-5.9765625,-17.578125
35510,-6.240234375,-23.970171
35521,-6.416015625,-17.578125
35531,-6.591796875,-15.980114
35542,-6.591796875,0
35552,-6.6796875,-8.7890625
35562,-6.591796875,7.990057
35573,-6.50390625,8.7890625
35583,-6.328125,15.980114
35594,-6.15234375,17.578125
35604,-5.888671875,23.970171
35615,-5.625,26.3671875
35625,-5.2734375,35.15625
35635,-4.921875,31.960228
35646,-4.482421875,43.9453125
35656,-4.04296875,39.9502831
35667,-3.515625,52.734375
35677,-2.98828125,47.9403419
35688,-2.4609375,52.734375
35698,-1.93359375,52.734375
35708,-1.318359375,55.930397
35719,-0.791015625,52.734375
35729,-0.17578125,55.930397
35740,0.439453125,61.5234375
35750,1.0546875,55.930397
35761,1.58203125,52.734375
35771,2.109375,52.734375
35781,2.63671875,47.9403419
35792,3.1640625,52.734375
35802,3.603515625,39.9502831
35813,4.130859375,52.734375
35823,4.482421875,31.960228
35834,4.921875,43.9453125
35844,5.2734375,35.15625
35854,5.537109375,23.970171
35865,5.80078125,26.3671875
35875,5.9765625,15.980114
35886,6.15234375,17.578125
35896,6.240234375,7.990057
35907,6.328125,8.7890625
35917,6.328125,0
35927,6.240234375,-7.990057
35938,6.15234375,-8.7890625
35948,5.9765625,-15.980114
35959,5.80078125,-17.578125
35969,5.537109375,-23.970171
35980,5.185546875,-35.15625
35990,4.833984375,-35.15625
36000,4.482421875,-31.960228
36011,4.130859375,-35.15625
36021,3.603515625,-47.9403419
36032,3.1640625,-43.9453125
36042,2.63671875,-52.734375
36053,2.109375,-47.9403419
36063,1.58203125,-52.734375
36073,1.0546875,-47.9403419
36084,0.439453125,-61.5234375
36094,-0.17578125,-55.930397
36105,-0.703125,-52.734375
36115,-1.318359375,-61.5234375
36125,-1.845703125,-47.9403419
36136,-2.373046875,-52.734375
36146,-2.900390625,-47.9403419
36157,-3.427734375,-52.734375
36167,-3.955078125,-47.9403419
36178,-4.39453125,-43.9453125
36188,-4.74609375,-35.15625
36198,-5.185546875,-39.9502831
36209,-5.44921875,-26.3671875
36219,-5.80078125,-31.960228
36230,-5.9765625,-17.578125
36240,-6.15234375,-15.980114
36251,-6.328125,-17.578125
36261,-6.416015625,-8.7890625
36271,-6.416015625,0
36282,-6.416015625,0
36292,-6.416015625,0
36303,-6.240234375,17.578125
36313,-6.064453125,15.980114
36324,-5.80078125,26.3671875
36334,-5.625,17.578125
36344,-5.2734375,31.960228
36355,-4.921875,35.15625
36365,-4.482421875,39.9502831
36376,-4.04296875,43.9453125
36386,-3.603515625,39.9502831
36397,-3.1640625,43.9453125
36407,-2.63671875,52.734375
36417,-2.021484375,55.930397
36428,-1.494140625,52.734375
36438,-0.966796875,47.9403419
36449,-0.3515625,61.5234375
36459,0.17578125,47.9403419
36470,0.791015625,61.5234375
36480,1.318359375,52.734375
36490,1.845703125,47.9403419
36501,2.373046875,52.734375
36511,2.900390625,47.9403419
36522,3.427734375,52.734375
36532,3.8671875,39.9502831
36543,4.306640625,43.9453125
36553,4.658203125,35.15625
36563,5.009765625,31.960228
36574,5.361328125,35.15625
36584,5.625,23.970171
36595,5.80078125,17.578125
36605,5.9765625,17.578125
36616,6.064453125,7.990057
36626,6.15234375,8.7890625
36636,6.15234375,0
36647,6.15234375,0
36657,6.064453125,-7.990057
36668,5.9765625,-8.7890625
36678,5.80078125,-17.578125
36688,5.537109375,-23.970171
36699,5.2734375,-26.3671875
36709,4.921875,-31.960228
36720,4.5703125,-35.15625
36730,4.21875,-31.960228
36741,3.779296875,-43.9453125
36751,3.33984375,-43.9453125
36761,2.8125,-47.9403419
36772,2.28515625,-52.734375
36782,1.7578125,-47.9403419
36793,1.23046875,-52.734375
36803,0.703125,-47.9403419
36814,0.17578125,-52.734375
36824,-0.439453125,-61.5234375
36834,-0.966796875,-47.9403419
36845,-1.58203125,-61.5234375
36855,-2.109375,-47.9403419
36866,-2.63671875,-52.734375
36876,-3.1640625,-47.9403419
36887,-3.603515625,-43.9453125
36897,-4.04296875,-43.9453125
36907,-4.482421875,-39.9502831
36918,-4.921875,-43.9453125
36928,-5.185546875,-23.970171
36939,-5.537109375,-35.15625
36949,-5.80078125,-23.970171
36960,-5.9765625,-17.578125
36970,-6.15234375,-17.578125
36980,-6.240234375,-7.990057
36991,-6.328125,-8.7890625
37001,-6.328125,0
37012,-6.328125,0
37022,-6.15234375,15.980114
37033,-6.064453125,8.7890625
37043,-5.80078125,26.3671875
37053,-5.625,15.980114
37064,-5.361328125,26.3671875
37074,-5.009765625,31.960228
37085,-4.5703125,43.9453125
37095,-4.21875,31.960228
37106,-3.779296875,43.9453125
37116,-3.251953125,52.734375
37126,-2.8125,39.9502831
37137,-2.28515625,52.734375
37147,-1.7578125,47.9403419
37158,-1.23046875,52.734375
37168,-0.703125,52.734375
37179,-0.087890625,55.930397
37189,0.439453125,52.734375
37199,1.0546875,55.930397
37210,1.58203125,52.734375
37220,2.109375,47.9403419
37231,2.63671875,52.734375
37241,3.076171875,43.9453125
37251,3.515625,39.9502831
37262,3.955078125,43.9453125
37272,4.39453125,39.9502831
37283,4.74609375,35.15625
37293,5.009765625,23.970171
37304,5.2734375,26.3671875
37314,5.537109375,26.3671875
37324,5.712890625,15.980114
37335,5.888671875,17.578125
37345,5.9765625,7.990057
37356,5.9765625,0
37366,5.9765625,0
37377,5.9765625,0
37387,5.888671875,-8.7890625
37397,5.712890625,-15.980114
37408,5.44921875,-26.3671875
37418,5.2734375,-15.980114
37429,4.921875,-35.15625
37439,4.658203125,-23.970171
37450,4.21875,-43.9453125
37460,3.8671875,-35.15625
37470,3.427734375,-39.9502831
37481,2.98828125,-43.9453125
37491,2.4609375,-47.9403419
37502,1.93359375,-52.734375
37512,1.40625,-47.9403419
37523,0.87890625,-52.734375
37533,0.3515625,-52.734375
37543,-0.17578125,-47.9403419
37554,-0.791015625,-61.5234375
37564,-1.318359375,-47.9403419
37575,-1.845703125,-52.734375
37585,-2.373046875,-47.9403419
37596,-2.900390625,-52.734375
37606,-3.33984375,-43.9453125
37616,-3.779296875,-39.9502831
37627,-4.21875,-43.9453125
37637,-4.658203125,-39.9502831
37648,-5.009765625,-35.15625
37658,-5.2734375,-23.970171
37669,-5.537109375,-26.3671875
37679,-5.80078125,-26.3671875
37689,-5.9765625,-15.980114
37700,-6.064453125,-8.7890625
37710,-6.15234375,-7.990057
37721,-6.240234375,-8.7890625
37731,-6.15234375,8.7890625
37742,-6.15234375,0
37752,-5.9765625,17.578125
37762,-5.80078125,15.980114
37773,-5.625,17.578125
37783,-5.361328125,23.970171
37794,-5.009765625,35.15625
37804,-4.658203125,35.15625
37814,-4.306640625,31.960228
37825,-3.8671875,43.9453125
37835,-3.427734375,39.9502831
37846,-2.98828125,43.9453125
37856,-2.4609375,47.9403419
37867,-1.93359375,52.734375
37877,-1.40625,52.734375
37887,-0.87890625,47.9403419
37898,-0.3515625,52.734375
37908,0.263671875,55.930397
37919,0.791015625,52.734375
37929,1.23046875,39.9502831
37940,1.7578125,52.734375
37950,2.28515625,52.734375
37960,2.8125,47.9403419
37971,3.251953125,43.9453125
37981,3.69140625,39.9502831
37992,4.130859375,43.9453125
38002,4.482421875,31.960228
38013,4.74609375,26.3671875
38023,5.09765625,35.15625
38033,5.2734375,15.980114
38044,5.537109375,26.3671875
38054,5.625,7.990057
38065,5.80078125,17.578125
38075,5.888671875,7.990057
38086,5.888671875,0
38096,5.80078125,-8.7890625
38106,5.712890625,-7.990057
38117,5.625,-8.7890625
38127,5.361328125,-23.970171
38138,5.185546875,-17.578125
38148,4.921875,-23.970171
38159,4.658203125,-26.3671875
38169,4.21875,-43.9453125
38179,3.8671875,-31.960228
38190,3.427734375,-43.9453125
38200,3.076171875,-31.960228
38211,2.548828125,-52.734375
38221,2.109375,-39.9502831
38232,1.58203125,-52.734375
38242,1.0546875,-52.734375
38252,0.52734375,-47.9403419
38263,0,-52.734375
38273,-0.615234375,-55.930397
38284,-1.142578125,-52.734375
38294,-1.669921875,-52.734375
38305,-2.109375,-39.9502831
38315,-2.724609375,-61.5234375
38325,-3.1640625,-39.9502831
38336,-3.603515625,-43.9453125
38346,-4.04296875,-39.9502831
38357,-4.39453125,-35.15625
38367,-4.74609375,-35.15625
38377,-5.09765625,-31.960228
38388,-5.361328125,-26.3671875
38398,-5.625,-23.970171
38409,-5.80078125,-17.578125
38419,-5.888671875,-7.990057
38430,-5.9765625,-8.7890625
38440,-6.064453125,-8.7890625
38450,-6.064453125,0
38461,-5.9765625,8.7890625
38471,-5.888671875,7.990057
38482,-5.712890625,17.578125
38492,-5.537109375,15.980114
38503,-5.2734375,26.3671875
38513,-5.009765625,26.3671875
38523,-4.658203125,31.960228
38534,-4.306640625,35.15625
38544,-3.955078125,31.960228
38555,-3.427734375,52.734375
38565,-3.076171875,31.960228
38576,-2.548828125,52.734375
38586,-2.109375,43.9453125
38596,-1.494140625,55.930397
38607,-0.966796875,52.734375
38617,-0.439453125,47.9403419
38628,0,43.9453125
38638,0.615234375,55.930397
38649,1.0546875,43.9453125
38659,1.58203125,52.734375
38669,2.109375,47.9403419
38680,2.548828125,43.9453125
38690,2.98828125,39.9502831
38701,3.427734375,43.9453125
38711,3.8671875,39.9502831
38722,4.21875,35.15625
38732,4.5703125,35.15625
38742,4.833984375,23.970171
38753,5.09765625,26.3671875
38763,5.2734375,15.980114
38774,5.44921875,17.578125
38784,5.537109375,7.990057
38795,5.625,8.7890625
38805,5.712890625,8.7890625
38815,5.625,-7.990057
38826,5.537109375,-8.7890625
38836,5.44921875,-7.990057
38847,5.2734375,-17.578125
38857,5.09765625,-15.980114
38868,4.833984375,-26.3671875
38878,4.5703125,-26.3671875
38888,4.21875,-31.960228
38899,3.8671875,-35.15625
38909,3.427734375,-39.9502831
38920,3.076171875,-35.15625
38930,2.63671875,-43.9453125
38940,2.109375,-47.9403419
38951,1.669921875,-43.9453125
38961,1.142578125,-47.9403419
38972,0.615234375,-52.734375
38982,0.087890625,-47.9403419
38993,-0.439453125,-52.734375
39003,-0.966796875,-52.734375
39013,-1.494140625,-47.9403419
39024,-2.021484375,-52.734375
39034,-2.4609375,-39.9502831
39045,-2.98828125,-52.734375
39055,-3.427734375,-39.9502831
39066,-3.779296875,-35.15625
39076,-4.21875,-43.9453125
39086,-4.5703125,-31.960228
39097,-4.921875,-35.15625
39107,-5.185546875,-23.970171
39118,-5.44921875,-26.3671875
39128,-5.625,-15.980114
39139,-5.712890625,-8.7890625
39149,-5.80078125,-8.7890625
39159,-5.888671875,-7.990057
39170,-5.888671875,0
39180,-5.888671875,0
39191,-5.80078125,8.7890625
39201,-5.625,15.980114
39212,-5.44921875,17.578125
39222,-5.2734375,17.578125
39232,-5.009765625,23.970171
39243,-4.658203125,35.15625
39253,-4.306640625,31.960228
39264,-3.955078125,35.15625
39274,-3.515625,39.9502831
39285,-3.076171875,43.9453125
39295,-2.63671875,43.9453125
39305,-2.109375,47.9403419
39316,-1.669921875,43.9453125
39326,-1.142578125,47.9403419
39337,-0.615234375,52.734375
39347,-0.087890625,47.9403419
39358,0.439453125,52.734375
39368,0.966796875,52.734375
39378,1.494140625,47.9403419
39389,1.93359375,43.9453125
39399,2.373046875,39.9502831
39410,2.900390625,52.734375
39420,3.33984375,39.9502831
39431,3.69140625,35.15625
39441,4.04296875,35.15625
39451,4.39453125,31.960228
39462,4.658203125,26.3671875
39472,4.921875,23.970171
39483,5.185546875,26.3671875
39493,5.2734375,8.7890625
39503,5.44921875,15.980114
39514,5.537109375,8.7890625
39524,5.537109375,0
39535,5.537109375,0
39545,5.537109375,0
39556,5.361328125,-17.578125
39566,5.2734375,-8.7890625
39576,5.09765625,-15.980114
39587,4.833984375,-26.3671875
39597,4.5703125,-23.970171
39608,4.21875,-35.15625
39618,3.955078125,-23.970171
39629,3.515625,-43.9453125
39639,3.1640625,-35.15625
39649,2.724609375,-39.9502831
39660,2.28515625,-43.9453125
39670,1.7578125,-47.9403419
39681,1.318359375,-43.9453125
39691,0.791015625,-47.9403419
39702,0.263671875,-52.734375
39712,-0.263671875,-52.734375
39722,-0.791015625,-47.9403419
39733,-1.23046875,-43.9453125
39743,-1.7578125,-47.9403419
39754,-2.197265625,-43.9453125
39764,-2.724609375,-47.9403419
39775,-3.1640625,-43.9453125
39785,-3.515625,-35.15625
39795,-3.955078125,-39.9502831
39806,-4.306640625,-35.15625
39816,-4.5703125,-23.970171
39827,-4.921875,-35.15625
39837,-5.09765625,-15.980114
39848,-5.361328125,-26.3671875
39858,-5.44921875,-8.7890625
39868,-5.625,-15.980114
39879,-5.712890625,-8.7890625
39889,-5.712890625,0
39900,-5.625,8.7890625
39910,-5.537109375,7.990057
39921,-5.44921875,8.7890625
39931,-5.2734375,17.578125
39941,-5.09765625,15.980114
39952,-4.833984375,26.3671875
39962,-4.5703125,23.970171
39973,-4.21875,35.15625
39983,-3.8671875,31.960228
39994,-3.427734375,43.9453125
40004,-3.076171875,35.15625
40014,-2.63671875,39.9502831
40025,-2.109375,52.734375
40035,-1.669921875,39.9502831
40046,-1.142578125,52.734375
40056,-0.703125,43.9453125
40066,-0.17578125,47.9403419
40077,0.3515625,52.734375
40087,0.791015625,39.9502831
40098,1.318359375,52.734375
40108,1.7578125,39.9502831
40119,2.28515625,52.734375
40129,2.724609375,43.9453125
40139,3.076171875,31.960228
40150,3.515625,43.9453125
40160,3.8671875,31.960228
40171,4.130859375,26.3671875
40181,4.482421875,31.960228
40192,4.74609375,26.3671875
40202,4.921875,17.578125
40212,5.09765625,15.980114
40223,5.2734375,17.578125
40233,5.361328125,7.990057
40244,5.361328125,0
40254,5.361328125,0
40265,5.2734375,-8.7890625
40275,5.2734375,0
40285,5.09765625,-15.980114
40296,4.921875,-17.578125
40306,4.74609375,-15.980114
40317,4.482421875,-26.3671875
40327,4.21875,-23.970171
40338,3.8671875,-35.15625
40348,3.515625,-35.15625
40358,3.076171875,-39.9502831
40369,2.724609375,-35.15625
40379,2.28515625,-39.9502831
40390,1.7578125,-52.734375
40400,1.318359375,-39.9502831
40411,0.87890625,-43.9453125
40421,0.3515625,-52.734375
40431,-0.17578125,-47.9403419
40442,-0.615234375,-43.9453125
40452,-1.142578125,-47.9403419
40463,-1.58203125,-43.9453125
40473,-2.109375,-47.9403419
40484,-2.548828125,-43.9453125
40494,-2.98828125,-43.9453125
40504,-3.33984375,-31.960228
40515,-3.779296875,-43.9453125
40525,-4.130859375,-31.960228
40536,-4.39453125,-26.3671875
40546,-4.74609375,-31.960228
40557,-5.009765625,-26.3671875
40567,-5.185546875,-17.578125
40577,-5.361328125,-15.980114
40588,-5.44921875,-8.7890625
40598,-5.537109375,-7.990057
40609,-5.537109375,0
40619,-5.537109375,0
40629,-5.44921875,7.990057
40640,-5.361328125,8.7890625
40650,-5.185546875,15.980114
40661,-5.09765625,8.7890625
40671,-4.833984375,23.970171
40682,-4.5703125,26.3671875
40692,-4.21875,35.15625
40702,-3.8671875,31.960228
40713,-3.515625,35.15625
40723,-3.1640625,31.960228
40734,-2.724609375,43.9453125
40744,-2.197265625,47.9403419
40755,-1.7578125,43.9453125
40765,-1.318359375,43.9453125
40775,-0.87890625,39.9502831
40786,-0.3515625,52.734375
40796,0.17578125,47.9403419
40807,0.615234375,43.9453125
40817,1.142578125,47.9403419
40828,1.58203125,43.9453125
40838,2.021484375,43.9453125
40848,2.4609375,39.9502831
40859,2.900390625,43.9453125
40869,3.251953125,31.960228
40880,3.603515625,35.15625
40890,3.955078125,31.960228
40901,4.21875,26.3671875
40911,4.482421875,26.3671875
40921,4.74609375,23.970171
40932,4.921875,17.578125
